GRAND_ID,RES_NAME,DAM_NAME,ALT_NAME,RIVER,ALT_RIVER,MAIN_BASIN,SUB_BASIN,NEAR_CITY,ALT_CITY,ADMIN_UNIT,SEC_ADMIN,COUNTRY,SEC_CNTRY,YEAR,ALT_YEAR,REM_YEAR,DAM_HGT_M,ALT_HGT_M,DAM_LEN_M,ALT_LEN_M,AREA_SKM,AREA_POLY,AREA_REP,AREA_MAX,AREA_MIN,CAP_MCM,CAP_MAX,CAP_REP,CAP_MIN,DEPTH_M,DIS_AVG_LS,DOR_PC,ELEV_MASL,CATCH_SKM,CATCH_REP,DATA_INFO,USE_IRRI,USE_ELEC,USE_SUPP,USE_FCON,USE_RECR,USE_NAVI,USE_FISH,USE_PCON,USE_LIVE,USE_OTHR,MAIN_USE,LAKE_CTRL,MULTI_DAMS,TIMELINE,COMMENTS,URL,QUALITY,EDITOR,LONG_DD,LAT_DD,POLY_SRC,geometry
138,Canyon,Lake Almanor,,North Fork of Feather River,Feather River,,,,,California,,United States,,1927.0,,,40.0,,381.0,,102.87,102.87,114.4,,,1613.4,1613.4,,,15.7,15561,328.8,1374,1259,1303.0,,Main,,,,,,,,,,Irrigation,,,,,http://damsafety.water.ca.gov/,2: Good,UNH,-121.087815,40.174792,SWBD,POINT (-121.08781499999998 40.174792000000025)
226,San Luis Reservoir,B.F. Sisk,,San Luis Creek,,,,,,California,,United States,,1967.0,,,116.0,,594.0,,48.76,48.76,52.6,,,2419.3,2419.3,,,49.6,470,,158,213,215.0,,Main,Sec,,,Sec,,,,,,Irrigation,,,,,,2: Good,UNH,-121.082393,37.067455,SWBD,POINT (-121.08239299999997 37.06745500000005)
268,Duncan,Duncan,,Duncan,,Columbia,,Kaslo,,British Columbia,,Canada,,1967.0,,,39.0,41.0,792.0,,72.76,72.76,114.0,,,1730.0,1730.0,1726.9,,23.8,73207,74.9,559,2432,,,,Major,,Main,,,,,,,Flood control,,,,,,2: Good,McGill-BL,-116.94366,50.252176,CanVec,POINT (-116.94365999999997 50.25217600000008)
365,Brownlee,Brownlee,,Snake River,,,,,,Idaho,,United States,,1958.0,,,126.0,,421.0,,43.61,43.61,59.2,,,1751.6,1751.6,,,40.2,793496,7.0,625,168604,188033.0,,,Main,,Sec,Sec,Sec,Sec,,,,Hydroelectricity,,,,,http://www.ferc.gov/industries/hydropower/safety.asp,2: Good,UNH,-116.902154,44.835014,SWBD,POINT (-116.90215399999994 44.83501400000006)
479,Utah Lake,Utah Lake Outlet,,Jordan River,,,,,,Utah,,United States,,1988.0,,,3.0,,335.0,,362.19,362.19,,,,1689.7,1689.7,,,4.7,38282,140.0,1371,6670,7796.0,,,,Main,,,,,,,,Water supply,,,,,http://nrwrt1.nr.state.ut.us/daminfo/default.htm,3: Fair,UNH,-111.892115,40.358628,SWBD,POINT (-111.89211499999999 40.35862800000007)
647,Roosevelt Lake,Theodore Roosevelt,,Salt River,,,,,,Arizona,,United States,,1911.0,,,109.0,,580.0,,40.29,40.29,87.0,,,1641.8,1641.8,,,40.7,10399,500.6,631,15001,14856.0,,Main,Sec,,,Sec,,,,,,Irrigation,,,,,,2: Good,UNH,-111.156236,33.677097,SWBD,POINT (-111.15623599999998 33.67709700000006)
689,,Huites,,Fuerte,,,,El Fuerte,,Sinaloa,,Mexico,,1995.0,,,152.0,,430.0,,42.38,42.38,102.9,,,4568.0,,4568.0,,107.8,65855,220.0,164,26289,,,Sec,Main,,,,,,,,,Hydroelectricity,,,,,,3: Fair,McGill-BL,-108.367599,26.844875,UY,POINT (-108.36759899999998 26.84487500000006)
698,,Presidente Jose L. Portillo,,San Lorenzo,,,,Cosala,,Sinaloa,,Mexico,,1981.0,,,136.0,,400.0,,20.07,20.07,42.5,,,2850.0,,2850.0,,142.0,99298,91.0,222,8440,,,Main,Sec,,Sec,,,,,,,Irrigation,,,,,,3: Fair,McGill-BL,-106.805552,24.573058,SWBD,POINT (-106.80555199999998 24.57305800000006)
706,Reindeer,Whitesand Rapids,,Reindeer,,,,Creighton,,Saskatchewan,,Canada,,1942.0,,,12.0,,160.0,200.0,5435.48,5435.48,2800.0,,,14860.0,,14860.0,,2.7,355998,132.4,342,62727,,,,Main,,,,,,,,,Hydroelectricity,Yes,,,Polygon too large?,,3: Fair,McGill-BL,-103.149606,56.234185,Other,POINT (-103.14960599999995 56.23418500000008)
740,Red Lake Reservoir,Lower Red Lake Dam,,Red Lake River,,,,,,Minnesota,,United States,,1931.0,,,5.0,,11125.0,,1141.61,1141.61,1168.1,,,4228.4,4228.4,1492.5,,3.7,17914,748.5,353,4852,4975.0,,,,Sec,Main,,,,,,,Flood control,,,,,,2: Good,UNH,-95.272214,47.956032,SWBD,POINT (-95.27221399999996 47.95603200000005)
884,Lake Sharpe,Big Bend Dam,,Missouri,,,,,,South Dakota,,United States,,1963.0,,,29.0,,3222.0,,228.45,228.45,242.8,,,2343.6,2343.6,2127.8,,10.3,986072,7.5,429,627809,15126.0,,Sec,Sec,,Main,Sec,Sec,,,,,Flood control,,,,,http://www.nwo.usace.army.mil/html/Lake_Proj/bigbend/welcome.html,2: Good,UNH,-99.448646,44.039785,SWBD,POINT (-99.44864599999994 44.03978500000005)
911,Lake Red Rock,Red Rock Dam,,Des Moines River,,,,,,Iowa,,United States,,1969.0,,,43.0,,1730.0,,59.05,59.05,76.9,,,2171.4,2171.4,326.9,,36.8,196873,35.0,217,32113,31916.0,,,,,Main,Sec,,,,,,Flood control,,,,,http://www.mvr.usace.army.mil/RedRock/default.htm,2: Good,UNH,-92.982345,41.369935,SWBD,POINT (-92.98234499999995 41.369935000000055)
989,Harry S. Truman Reservoir,Harry S. Truman Dam,,Osage River,,,,,,Missouri,,United States,,1978.0,,,30.0,,1818.0,,186.84,186.84,225.0,,,6416.6,6416.6,1484.4,,34.3,300115,67.8,215,29920,29785.0,,,Main,Sec,Sec,Sec,,,,,,Hydroelectricity,,,,,http://www.nwk.usace.army.mil/harryst/hst_home.htm,3: Fair,UNH,-93.40625,38.264873,SWBD,POINT (-93.40624999999994 38.26487300000008)
1023,Kaw Lake,Kaw Lake,,Arkansas River,,,,,,Oklahoma,,United States,,1976.0,,,38.0,,2885.0,,58.74,58.74,67.8,,,1637.0,1637.0,501.5,,27.9,116488,44.6,308,119050,17229.0,,,Sec,Sec,Main,Sec,,,,,Sec,Flood control,,,,,http://www.swt.usace.army.mil/recreat/OPSField.CFM?tblOPSField__LakeName=Kaw%20Lake,2: Good,UNH,-96.927032,36.702154,SWBD,POINT (-96.92703199999994 36.702154000000064)
1032,Oologah Lake,Oologah Lake,,Verdigris River,,,,,,Oklahoma,,United States,,1963.0,,,42.0,,1319.0,,114.71,114.71,125.6,,,1923.3,1923.3,681.1,,16.8,93714,65.1,196,11138,11238.0,,,,Sec,Main,Sec,,,,,Sec,Flood control,,,,,http://www.swt.usace.army.mil/recreat/OPSField.CFM?tblOPSField__LakeName=Oologah%20Lake,2: Good,UNH,-95.679416,36.424078,SWBD,POINT (-95.67941599999995 36.424078000000065)
1053,Fort Gibson Lake,Fort Gibson Lake,,Grand River,,,,,,Oklahoma,,United States,,1949.0,,,34.0,,911.0,,67.45,67.45,80.5,,,1584.3,1584.3,450.5,,23.5,284421,17.7,162,32372,32359.0,,,Main,,Sec,,,,,,,Hydroelectricity,,,,,http://www.swt.usace.army.mil/recreat/OPSField.CFM?tblOPSField__LakeName=Fort%20Gibson%20Lake,3: Fair,UNH,-95.232292,35.870603,SWBD,POINT (-95.23229199999997 35.870603000000074)
1060,Tenkiller Lake,Tenkiller Lake,,Illinois River,,,,,,Oklahoma,,United States,,1952.0,,,60.0,,1506.0,,48.77,48.77,52.2,,,1518.2,1518.2,806.8,,31.1,36661,131.3,172,4134,4170.0,,,Sec,,Main,,,,,,,Flood control,,,,,http://www.swt.usace.army.mil/recreat/OPSField.CFM?tblOPSField__LakeName=Tenkiller%20Lake,2: Good,UNH,-95.037008,35.595392,SWBD,POINT (-95.03700799999996 35.59539200000006)
1101,Arkabutla Lake,Arkabutla Dam,,Coldwater River,,,,,,Mississippi,,United States,,1943.0,,,28.0,,3048.0,,39.42,39.42,20.6,,,1706.9,1706.9,38.9,,43.3,67402,80.3,64,2585,2590.0,,,,,Main,Sec,,,,,,Flood control,,,,,http://www.mvk.usace.army.mil/Lakes/arkabutlalake/main.php?page=mainContent,3: Fair,UNH,-90.122793,34.756146,SWBD,POINT (-90.12279299999994 34.75614600000006)
1128,Hugo Lake,Hugo Lake,,Kiamichi River,,,,,,Oklahoma,,United States,,1974.0,,,31.0,,3109.0,,47.87,47.87,53.2,,,1571.6,1571.6,195.7,,32.8,45429,109.7,127,4432,3714.0,,,,Sec,Main,Sec,,,,,Sec,Flood control,,,,,http://www.swt.usace.army.mil/recreat/OPSField.CFM?tblOPSField__LakeName=Hugo%20Lake,3: Fair,UNH,-95.382598,34.011291,SWBD,POINT (-95.38259799999997 34.01129100000003)
1144,Millwood Lake,Millwood Dam,,Little,,,,,,Arkansas,,United States,,1966.0,,,28.0,,5350.0,,93.21,93.21,117.4,,,2288.0,2288.0,212.2,,24.5,148022,49.0,81,10655,10733.0,,,,Sec,Main,Sec,,Sec,,,,Flood control,,,,,http://www.swl.usace.army.mil/parks/millwood/index.html,2: Good,UNH,-93.965625,33.694799,SWBD,POINT (-93.96562499999999 33.694799000000046)
1151,Ray Roberts Lake,Ray Roberts Dam,,Elm Fork of Trinity River,,,,,,Texas,,United States,,1986.0,,,43.0,,4599.0,,68.71,68.71,118.8,,,2383.0,2383.0,986.3,,34.7,10384,727.7,194,1782,1792.0,,,Sec,Main,Sec,Sec,,,,,,Water supply,,,,,http://155.84.70.101/lewisville/main_rrlake.htm,2: Good,UNH,-97.052189,33.356409,SWBD,POINT (-97.05218899999994 33.35640900000004)
1181,Lake Tawakoni,Iron Bridge Dam,,Sabine River,,,,,,Texas,,United States,,1960.0,,,26.0,,8864.0,,137.67,137.67,145.7,,,2047.6,2047.6,1154.8,,14.9,18125,358.2,135,2020,1958.0,,,,,,Main,,,,,,Recreation,,,,,http://www.tceq.state.tx.us/,2: Good,UNH,-95.91465,32.814655,SWBD,POINT (-95.91464999999994 32.81465500000007)
1186,Lake of the Pines,Ferrells Bridge Dam,,Cypress Creek,,,,,,Texas,,United States,,1958.0,,,30.0,,3231.0,,69.89,69.89,75.7,,,2465.4,2465.4,314.4,,35.3,28569,273.6,71,2286,2202.0,,,,Main,Sec,Sec,,,,,,Water supply,,,,,http://www.swf-wc.usace.army.mil/lakeopines/main.htm,3: Fair,UNH,-94.506269,32.752105,SWBD,POINT (-94.50626899999997 32.75210500000003)
1238,Richland-Chambers Reservoir,Richland Creek Dam,,Richland Creek,,,,,,Texas,,United States,,1987.0,,,29.0,,9418.0,,156.51,156.51,181.1,,,2150.0,2150.0,1402.0,,13.7,30591,222.9,97,5071,5069.0,,,,,,Main,,,,,,Recreation,,,,,http://www.tceq.state.tx.us/,2: Good,UNH,-96.102607,31.94808,SWBD,POINT (-96.10260699999998 31.94808000000006)
1273,,Belton Dam,,Leon River,,,,,,Texas,,United States,,1954.0,,,59.0,,1684.0,,42.6,42.6,49.8,,,2314.9,2314.9,535.9,,54.3,15336,478.6,185,9240,9220.0,,,,,,Main,,,,,,Recreation,,,,,http://www.tceq.state.tx.us/,2: Good,UNH,-97.473818,31.110239,SWBD,POINT (-97.47381799999994 31.110239000000036)
1324,,El Cuchillo,,San Juan,,,,China,,Nuevo Leon,,Mexico,,1994.0,,,44.0,,4480.0,,43.31,43.31,180.9,,,1784.0,,1784.0,,41.2,13946,405.6,148,8727,,,,,Main,,,,,,,,Water supply,,,,,,3: Fair,McGill-BL,-99.27487,25.704428,SWBD,POINT (-99.27486999999996 25.704428000000064)
1383,Miguel de la Madrid,Cerro de Oro,,Santo Domingo,,Papaloapan,,Tuxtepec,,Oaxaca,,Mexico,,1991.0,1986.0,,70.0,56.0,1670.0,1720.0,135.1,135.1,250.0,,169.7,4400.0,,4400.0,3100.0,32.6,261572,53.3,51,13524,,,Major,Main,,Sec,,,,,,,Hydroelectricity,,Yes,Modified,Capacity expanded 1991; alternative administrative unit: Veracruz,,3: Fair,McGill-BL,-96.266114,18.000207,SWBD,POINT (-96.26611399999996 18.000207000000046)
1388,,Manuel Moreno Torres,Chicoasen,Grijalva,,Grijalva-Usumacinta,,Tuxtla Gutierrez,,Chiapas,,Mexico,,1980.0,,,261.0,,485.0,,10.85,10.85,27.0,,,1613.0,,1613.0,,148.7,392589,13.0,407,25304,,,,Main,,,,,,,,,Hydroelectricity,,,,,,3: Fair,McGill-BL,-93.100544,16.939421,SWBD,POINT (-93.10054399999996 16.93942100000004)
1753,Kentucky Lake,Kentucky,,Tennessee River,,,,,,Kentucky,,United States,,1944.0,,,63.0,,2567.0,,574.74,574.74,526.1,,,7560.0,7560.0,2616.2,,13.2,2141379,11.2,107,104052,104118.0,,,Sec,,Sec,Sec,Main,,,,,Navigation,,,,,http://lakeinfo.tva.gov/htbin/lakeinfo?site=KYH&DataType=All&submit=View+info,2: Good,McGill-BL,-88.268652,37.010296,UY,POINT (-88.26865199999997 37.01029600000004)
1770,Norris Lake,Norris,,Clinch River,,,,,,Tennessee,,United States,,1936.0,,,81.0,,567.0,,88.01,88.01,60.3,,,3147.8,3147.8,777.1,,35.8,134500,74.2,308,7570,7542.0,,,Sec,,Main,Sec,Sec,,,,,Flood control,,,,,http://lakeinfo.tva.gov/htbin/lakeinfo?site=NOH&DataType=All&submit=View+info,2: Good,UNH,-84.09268,36.227217,SWBD,POINT (-84.09267999999997 36.22721700000005)
1774,Cherokee Lake,Cherokee Saddle Dam 1,,Holston River,,,,,,Tennessee,,United States,,1941.0,,,30.0,,274.0,,71.1,71.1,50.0,,,1900.8,1900.8,484.8,,26.7,176702,34.1,317,8862,8879.0,,,Sec,,Main,Sec,,,,,,Flood control,,,,,http://lakeinfo.tva.gov/htbin/lakeinfo?site=CRH&DataType=All&submit=View+info,2: Good,UNH,-83.497532,36.164256,SWBD,POINT (-83.49753199999998 36.16425600000008)
1796,B. Everett Jordan Lake,B. Everett Jordan Dam,,Haw River,,,,,,North Carolina,,United States,,1974.0,,,34.0,,405.0,,36.97,36.97,56.4,,,2031.0,2031.0,265.4,,54.9,35658,180.6,69,4374,4377.0,,,,Main,,Sec,,Sec,,,Sec,Water supply,,,,,http://www.saw.usace.army.mil/jordan/index.htm,3: Fair,UNH,-79.06867,35.656806,SWBD,POINT (-79.06866999999994 35.656806000000074)
1801,Fontana Lake,Fontana,,Little Tennessee River,,,,,,North Carolina,,United States,,1944.0,,,146.0,,721.0,,24.89,24.89,18.1,,,1779.9,1779.9,613.0,,71.5,127280,44.3,450,4046,4069.0,,,Sec,,Main,Sec,Sec,,,,,Flood control,,,,,http://lakeinfo.tva.gov/htbin/lakeinfo?site=FNH&DataType=All&submit=View+info,2: Good,UNH,-83.807292,35.453399,SWBD,POINT (-83.80729199999996 35.45339900000005)
1832,Jocassee,Main Dam,,Keowee,,,,,,South Carolina,,United States,,1973.0,,,117.0,,556.0,,29.19,29.19,30.6,,,1588.5,1588.5,1431.2,,54.4,11330,444.6,337,385,381.0,,,Main,,,,,,,,,Hydroelectricity,,,,,http://www.ferc.gov/industries/hydropower/safety.asp,2: Good,UNH,-82.919421,34.961163,SWBD,POINT (-82.91942099999994 34.961163000000056)
1869,Grenada Lake,Grenada Dam,,Yalobusha River,,,,,,Mississippi,,United States,,1954.0,,,31.0,,4237.0,,107.48,107.48,39.7,,,3357.7,3357.7,105.7,,31.2,88235,120.7,61,3435,3419.0,,,,,Main,Sec,,,,,,Flood control,,,,,http://www.mvk.usace.army.mil/Lakes/grenadalake/main.php?page=mainContent,3: Fair,UNH,-89.76874,33.814591,SWBD,POINT (-89.76873999999998 33.814591000000064)
1900,Lake Martin,Martin,,Tallapoosa,,,,,,Alabama,,United States,,1926.0,,,53.0,,792.0,,134.03,134.03,161.9,,,2004.4,2004.4,,,15.0,126707,50.2,149,7731,7770.0,,,Main,Sec,Sec,Sec,,,,,,Hydroelectricity,,,,,http://www.ferc.gov/industries/hydropower/safety.asp,2: Good,UNH,-85.910417,32.682016,SWBD,POINT (-85.91041699999994 32.68201600000003)
1996,Laforge 2,Laforge 2,,Laforge,Fontanges,,,Schefferville,,Quebec,,Canada,,1982.0,1981.0,,24.0,18.0,800.0,1050.0,293.32,293.32,260.0,,,1840.0,,1840.0,,6.3,28466,205.0,467,1601,,,,Main,,,,,,,,,Hydroelectricity,,Yes,,Main outlet dam not at correct location,http://en.wikipedia.org/wiki/Laforge-2_generating_station,2: Good,McGill-BL,-70.713631,54.821397,Other,POINT (-70.71363099999996 54.82139700000005)
1998,Laforge 1,Laforge 1,,Laforge,Malard,,,Schefferville,Radisson,Quebec,,Canada,,1994.0,1983.0,,57.0,13.0,,1220.0,1047.72,1047.72,1288.0,,,3800.0,,3800.0,,3.6,141348,85.2,436,6886,,,,Main,,,,,,,,,Hydroelectricity,,Yes,,,http://en.wikipedia.org/wiki/Laforge-1_generating_station,2: Good,McGill-BL,-72.547917,54.182208,CanVec,POINT (-72.54791699999998 54.18220800000006)
2000,Smallwood,Churchill Falls,Main Reservoir Dike GR-1,Churchill South,,,,Churchill Falls,,Newfoundland and Labrador,,Canada,,1971.0,,,16.0,20.0,518.0,250.0,5814.1,5814.1,2200.0,,,32320.0,,32320.0,,5.6,892163,114.9,447,45495,,,,Main,,,,,,,,,Hydroelectricity,,Yes,,Alternative dam height: 11 m,,3: Fair,McGill-BL,-64.261491,53.648792,Other,POINT (-64.26149099999998 53.64879200000007)
2002,Ossokamanuan Reservoir,Gabbro Control Dam,,,,,,,,Newfoundland and Labrador,,Canada,,,,,,,,,762.29,762.29,420.0,,,17676.9,,17676.9,,23.2,457549,122.5,465,23180,,Capacity from statistics,,,,,,,,,,,,,,,Part of the Smallwood Reservoir complex,,3: Fair,McGill-BL,-64.608708,53.400241,CanVec,POINT (-64.60870799999998 53.40024100000005)
2056,Moosehead Lake,Moosehead Lake East Dam,Moosehead East Outlet,Kennebago River,,,,,,Maine,,United States,,1835.0,,,6.0,,306.0,,299.57,299.57,300.3,,,1726.9,1726.9,1332.2,,5.8,64705,84.6,316,3315,3284.0,,,Main,Sec,Sec,Sec,,,,,,Hydroelectricity,,,,,http://www.ferc.gov/industries/hydropower/safety.asp,2: Good,UNH,-69.716999,45.585115,SWBD,POINT (-69.71699899999999 45.58511500000003)
2288,,Bocono-Tucupido,,Bocono-Tucupido,,,,Guanare,,Portuguesa,,Venezuela,,1988.0,,,80.0,,395.0,,104.28,104.28,124.7,,,3484.9,,3484.9,,33.4,20813,530.9,257,1606,2020.0,,,,,,,,,,,,,,,,,,2: Good,McGill-BL,-70.041385,8.895557,SWBD,POINT (-70.04138499999993 8.895557000000053)
2292,Caruachi Reservoir,Caruachi,,Caroni,,Orinoco,,Ciudad Guayana,,Bolivar,,Venezuela,,2003.0,2002.0,,50.0,,5728.0,,282.13,282.13,238.0,,,3520.0,,3520.0,,12.5,4400976,2.5,42,91356,91000.0,,,,,,,,,,,,,,,,Fully operational in 2006,http://en.wikipedia.org/wiki/Caruachi_Dam,3: Fair,McGill-BL,-62.799842,8.158551,JRC modified,POINT (-62.799841999999956 8.158551000000045)
2339,,Casa de Piedra,,Colorado,,,,Gral. Roca,,La Pampa,Rio Negro,Argentina,,1989.0,,,47.0,,10260.0,,238.12,238.12,360.0,,,4000.0,,4000.0,,16.8,108407,117.0,279,31348,,,,,,,,,,,,,,,,,,,2: Good,McGill-BL,-67.193765,-38.210399,SWBD,POINT (-67.19376499999998 -38.21039899999994)
2360,,Petit Saut,,Sinnamary,,,,Sinnamary,,,,French Guiana,,1994.0,,,47.0,,740.0,,41.57,41.57,310.0,,,3500.0,,3500.0,,84.2,315353,35.2,33,5905,5927.0,,,Main,,,,,,,,,Hydroelectricity,,,,,,3: Fair,McGill-BL,-53.047917,5.060093,SWBD,POINT (-53.047916999999984 5.060093000000052)
2367,,Cana Brava,,Tocantins,,,,Minacu,,,,Brazil,,2002.0,,,56.0,,,,137.04,137.04,139.0,,,2300.0,,2300.0,,16.8,968099,7.5,294,58171,57780.0,,,,,,,,,,,,,,,,,,3: Fair,McGill-BL,-48.147113,-13.395155,McGill,POINT (-48.14711299999993 -13.395154999999932)
2381,,Nova Ponte,,Araguari,Paranaiba,De la Plata,,Nova Ponte,,Minas Gerais,,Brazil,,1994.0,,,142.0,141.0,1600.0,,237.2,237.2,44.3,,44.0,12800.0,,12800.0,,54.0,207006,196.1,740,15356,,,,Main,,,,,,,,,Hydroelectricity,,,,,,3: Fair,McGill-BL,-47.696299,-19.129517,SWBD,POINT (-47.696298999999954 -19.129516999999964)
2386,,Porto Colombia,,Grande,,De la Plata,,Planura,,Sao Paulo,,Brazil,,1973.0,,,40.0,,2150.0,,129.23,129.23,143.0,,,1524.0,,1524.0,,11.8,1337259,3.6,467,77325,,,,,,,,,,,,,,,,,,,3: Fair,McGill-BL,-48.56764,-20.13125,SWBD,POINT (-48.56763999999998 -20.131249999999966)
2397,Promissao Reservoir,Promissao,Mario Lop,Tiete,,De la Plata,,Promissao,,Rio Grande do Sul,,Brazil,,1975.0,,,52.0,,3710.0,,511.18,511.18,58.5,,,7408.0,,7408.0,7400.0,14.5,836990,28.1,379,56078,,,,,,,,,,,,,,,,,,,3: Fair,McGill-BL,-49.780896,-21.298021,SWBD,POINT (-49.780895999999984 -21.29802099999995)
2401,Porto Primavera Reservoir,Porto Primavera,,Parana,,De la Plata,,Presidente Epitacio,,Rio Grande do Sul,,Brazil,,1999.0,,,38.0,,,,1204.99,1204.99,2250.0,,,20000.0,,20000.0,18500.0,16.6,7271728,8.7,244,572634,,,,Main,,Sec,,Sec,,,,,Hydroelectricity,,,,,,3: Fair,McGill-BL,-52.958685,-22.471582,SWBD,POINT (-52.958684999999946 -22.471581999999955)
2446,,Machadinho,,Pelotas,,,,Piratuba,Inhandaba,Rio Grande do Sul,,Brazil,,2002.0,,,126.0,,,,84.79,84.79,79.0,,,3400.0,,3400.0,,40.1,760886,14.2,417,31838,32000.0,,,,,,,,,,,,,,,,,,3: Fair,McGill-BL,-51.78948,-27.525972,McGill,POINT (-51.78947999999997 -27.525971999999967)
2523,,Pedra do Cavalo,,Paraguassu,,,,Cachoeira,Sao Felix,Bahia,,Brazil,,1986.0,,,142.0,,510.0,,117.64,117.64,0.1,,,5330.0,,5330.0,,45.3,94598,178.7,60,54237,,,,,,,,,,,,,,,,,,,3: Fair,McGill-BL,-38.999156,-12.584099,SWBD,POINT (-38.99915599999997 -12.58409899999998)
2534,,Itapebi,,Jequitinhonha,,,,,,,,Brazil,,2003.0,,,120.0,,,,60.99,60.99,68.0,,,2720.0,,2720.0,,44.6,392806,22.0,36,68026,68100.0,,,,,,,,,,,,,,,,,,2: Good,McGill-BL,-39.590092,-15.96913,McGill,POINT (-39.59009199999997 -15.96912999999995)
2833,,La Serena,,Zujar,,,,Castuera,,Badajoz,,Spain,,1989.0,,,88.0,,580.0,,93.14,93.14,139.5,,139.0,3231.8,,3231.8,,34.7,22155,462.6,340,7426,,,Main,Sec,,,,,,,,,Irrigation,,,,,,3: Fair,McGill-BL,-5.410417,38.910417,SWBD,POINT (-5.4104169999999385 38.91041700000005)
3014,,Bagre,,White Volta,Nakambe; Volta Blanc,Volta,Nakambe,Bagre,Ouagadougou,Boulgou,,Burkina Faso,,1992.0,1980.0,,45.0,,,,167.87,167.87,257.0,,,1700.0,,1700.0,,10.1,53345,101.1,228,35477,,,Main,Sec,,,,,,,Sec,,Irrigation,,,,,,3: Fair,McGill-BL,-0.553016,11.47429,SWBD,POINT (-0.5530159999999569 11.474290000000053)
3023,,Garafiri,,Konkoure,,,,Conakry,,,,Guinea,,1999.0,,,80.0,,725.0,,61.69,61.69,0.1,,,1600.0,,1600.0,,25.9,61084,83.1,341,2501,,,,,,,,,,,,,,,,,,,2: Good,McGill-BL,-12.663237,10.532128,SWBD,POINT (-12.663236999999981 10.532128000000057)
3052,,Storglomvatn,,Fykanaga,Stoglovatnet,,,Bodo,,Meloy,,Norway,,1997.0,,,125.0,,820.0,,46.3,46.3,46.7,47.0,,3468.0,3500.0,3468.0,,74.9,19708,558.0,518,287,,,,Main,,,,,,,,,Hydroelectricity,,,,,,3: Fair,McGill-BL,14.140625,66.771646,Other,POINT (14.140625000000057 66.77164600000003)
3162,Blasjo,Storvatn,Oddatjorn; Skorpevadhol,Oddeana,Ullaelv,,,Haugesund,,,,Norway,,1987.0,1985.0,,90.0,20.0,1400.0,,55.26,55.26,,,,2325.0,,2325.0,,42.1,9453,779.9,1018,182,,,,Main,,,,,,,,,Hydroelectricity,Yes,Yes,,"There are several regulating dams for lake 'Blasjo' which is split into two polygons (see other record); used to be a natural lake; total volume 3105 mcm, total area 84 skm",,3: Fair,McGill-BL,6.942708,59.303513,Other,POINT (6.942708000000039 59.303513000000066)
3637,,Dadin Kowa,,Gongola,,Niger,Gongola,Shani,,Bauchi,,Nigeria,,1988.0,,,42.0,,,,150.56,150.56,300.0,,,2855.0,,2855.0,,19.0,152099,59.5,246,32295,,,Main,Sec,Sec,,,,,,,,Irrigation,,,,,,2: Good,McGill-BL,11.479613,10.322925,SWBD,POINT (11.479613000000029 10.322925000000055)
3695,,Seitevare,,Blackalven,,Lulealven,,Porjus,,Norrbotten,,Sweden,,1967.0,,,106.0,,2011.0,,92.02,92.02,81.0,,,1675.0,,1675.0,,18.2,41809,127.0,463,2005,,,,Main,,,,,,,,,Hydroelectricity,Maybe,,,,http://www.vattenfall.se/sv/file/lulealvengpdf_11336347.pdf,2: Good,McGill-BL,18.568644,66.978115,Other,POINT (18.568644000000063 66.97811500000006)
3727,Hoytiainen,Puntarikoski,Rijkavesi Lake,Canal of Hoytiainen,Hoytiaisenkanava,,,Joensuu,,Eastern,,Finland,,1957.0,,,14.0,,150.0,,283.48,283.48,293.0,,,2390.0,,2390.0,,8.4,7071,1071.8,67,611,,,,Main,,,,,,,,,Hydroelectricity,Yes,,,Lake was drained in 1859 to a third of its size; dam is at outlet at south end of lake,http://en.wikipedia.org/wiki/H%C3%B6yti%C3%A4inen,2: Good,McGill-BL,29.48232,62.825155,Other,POINT (29.482320000000072 62.82515500000005)
3798,,Dniestr,,Dniestr,Dniester,,,Mogilev-Podolsk,,,,Ukraine,,1981.0,2002.0,,80.0,60.0,153.0,,75.13,75.13,141.0,,,3000.0,,3000.0,,39.9,254098,37.4,79,40564,,,Sec,Main,,Sec,,,,,,,Hydroelectricity,,,,Appears there were modifications made in 2002; Updated year Dec 2018,https://en.wikipedia.org/wiki/Dniester_Hydroelectric_Station,3: Fair,McGill-PB,27.455258,48.595424,SWBD,POINT (27.45525800000007 48.59542400000004)
3880,,Iron Gate 1,Portile de Fier I; Djerdap I,Danube,Dunarea; Dunav,,,Drobeta Turnu Severin,,Mehedinti,,Romania,Serbia,1972.0,1964.0,,60.0,,1278.0,,118.58,118.58,107.0,,,2550.0,2550.0,2100.0,,21.5,5506185,1.5,59,560682,,,,Main,,,,Sec,,,,,Hydroelectricity,,,,Very large hydropower station (installed capacity 2200 MW) at border of Romania and Serbia; alternative administrative unit: Serbia Borski,http://en.wikipedia.org/wiki/Iron_Gate_I_Hydroelectric_Power_Station,2: Good,McGill-BL,22.530866,44.673332,McGill,POINT (22.53086600000006 44.67333200000007)
4043,,Capanda,,Cuanza,Kwanza,Cuanza,,,,,,Angola,,2004.0,,,110.0,,,,178.85,178.85,,,,4975.0,,4975.0,,27.8,1658382,9.5,920,110772,,,,Main,,,,,,,,,Hydroelectricity,,,,,http://en.wikipedia.org/wiki/Capanda_Dam,2: Good,McGill-BL,15.465851,-9.793533,McGill,POINT (15.465851000000043 -9.793532999999968)
4240,,Katse,,Malibamatso,,Orange,,Bokong,,Leribe,,Lesotho,,1997.0,1998.0,,185.0,155.0,715.0,,33.35,33.35,35.8,,,1950.0,,1950.0,1519.0,58.5,17925,345.0,2056,1852,,,,,,,,,,,,,,,,,Lesotho Highlands Water Project; alternative height 180m,,3: Fair,McGill-BL,28.506332,-29.33521,SWBD,POINT (28.506332000000043 -29.33520999999996)
4352,Iovskoye,Iova,Iovskaya; Umbozero,Iova,,,,,,Murmansk,,Russia,,1960.0,,,27.0,,350.0,,248.53,248.53,294.0,,,2000.0,,2000.0,,8.0,50470,125.7,74,5489,,,,Main,,,,,,,,,Hydroelectricity,,,,,,3: Fair,McGill-BL,31.346651,66.644858,Other,POINT (31.346651000000065 66.64485800000006)
4358,,Sheksna,,Sheksna,,,,Rybinsk,,Yaroslavl,,Russia,,1941.0,,,34.0,,6710.0,,328.97,328.97,1670.0,,,6500.0,,6500.0,,19.8,117100,176.0,108,18443,,,,Main,,,,Sec,,,,,Hydroelectricity,,,,,,2: Good,McGill-BL,38.489583,59.236494,Other,POINT (38.48958300000004 59.23649400000005)
4428,,Kralkizi,,Dicle,,Shatt al Arab,Tigris,Dicle,,Diyarbakir,,Turkey,,1997.0,,,126.0,,1030.0,,25.39,25.39,57.5,,,1919.0,,1919.0,1697.7,75.6,21748,279.8,802,1677,,,Sec,Major,,Main,,,,,,,Flood control,,,,,,3: Fair,McGill-BL,40.019792,38.349564,SWBD,POINT (40.01979200000005 38.34956400000004)
4438,,Menzelet,,Ceyhan,,,,Kahramanmaras,,,,Turkey,,1993.0,,,151.0,,425.0,,26.35,26.35,42.0,,,2088.0,2100.0,2088.0,,79.2,87350,75.8,597,8626,,,Main,Sec,,Sec,,,,,,,Irrigation,,,,,,3: Fair,McGill-BL,36.848169,37.678569,SWBD,POINT (36.84816900000004 37.67856900000004)
4470,Habbaniyah,Haditha,,Euphrates,,Shatt al Arab,Euphrates,Ramadi,,Anbar,,Iraq,,1983.0,,,57.0,,8933.0,,339.21,339.21,418.4,,250.0,11000.0,11000.0,8200.0,,32.4,823593,42.4,138,244305,,,Main,Sec,,,,,,,,,Irrigation,,,,,,3: Fair,McGill-BL,42.352083,34.210417,SWBD,POINT (42.35208300000005 34.210417000000064)
4628,Kuybyshevskoye,Kuibyshev,Kuybyshev Reservoir,Volga,,,,Samara,,Samara,,Russia,,1955.0,,,45.0,,981.0,,5060.1,5060.1,6150.0,,3000.0,58000.0,,58000.0,,11.5,7739459,23.8,29,1205909,,,Sec,Main,Sec,,,Sec,,,,,Hydroelectricity,,,,,,3: Fair,McGill-BL,49.496391,53.458111,SWBD,POINT (49.496391000000074 53.45811100000003)
4632,,Chirkey,,Sulak,,,,Makhachkala,,Daghestan,,Russia,,1978.0,,,233.0,,333.0,,30.18,30.18,42.5,43.0,,2780.0,2800.0,2780.0,,92.1,81726,107.9,338,12865,,,Sec,Main,Sec,,,,,,,,Hydroelectricity,,,,,,3: Fair,McGill-BL,46.872917,42.976067,McGill,POINT (46.87291700000003 42.97606700000006)
4642,,Sefidrood,,Sefidrood,,,,Manjil,,,,Iran,,1961.0,,,120.0,,425.0,,23.12,23.12,56.0,,,1800.0,,1800.0,,77.9,306836,18.6,250,56572,,,,,,,,,,,,,,,,,,,3: Fair,McGill-BL,49.385422,36.756244,SWBD,POINT (49.38542200000006 36.75624400000004)
4654,,Karkheh,Karkeh,Karkheh,Karkeh,Shatt al Arab,Tigris,Andimeshk,,Khoozestan,,Iran,,2001.0,1999.0,,127.0,,3030.0,,169.6,27.29,169.6,,,7300.0,7300.0,5800.0,5572.0,43.0,296563,78.1,179,42910,,,Sec,Main,,Sec,,,,,,,Hydroelectricity,,,,Polygon too small?,,3: Fair,McGill-BL,48.126135,32.491578,McGill,POINT (48.12613500000003 32.49157800000006)
4657,,Karoon 3,Karun 3,Karoon,Karun,Shatt al Arab,Tigris,Eizeh,,Khoozestan,,Iran,,2004.0,2000.0,,205.0,,388.0,,42.13,42.13,46.0,,,2750.0,,2750.0,1250.0,65.3,281667,31.0,720,24244,,,,Main,,,,,,,,,Hydroelectricity,,,,,http://en.wikipedia.org/wiki/Karun-3_Dam,2: Good,McGill-BL,50.09375,31.802083,McGill,POINT (50.09375000000006 31.80208300000004)
4693,,Talimarjan,Talinarjan,Amudaria,,,,Kashkadaria,,,,Uzbekistan,,1985.0,,,35.0,,9745.0,,56.63,56.63,77.3,,,1525.0,,1525.0,,26.9,10,,390,90,,,,,,,,,,,,,,,,,,,2: Good,McGill-BL,65.548958,38.328258,SWBD,POINT (65.54895800000003 38.32825800000006)
4734,,Sardar Sarovar,Narmada,Narmada,,Narmada,,Rajpipla,,Gujarat,,India,,2006.0,,,163.0,,1202.0,,103.22,103.22,348.7,,,9500.0,,9500.0,5800.0,92.0,1415525,21.3,25,87329,,,Sec,Main,Sec,,,,,,,,Hydroelectricity,,,,The dam has been constructed at smaller heights first and is still increased,http://en.wikipedia.org/wiki/Narmada_Dam,3: Fair,McGill-BL,73.748676,21.831123,McGill,POINT (73.74867600000005 21.831123000000048)
4776,,Supa,,Kalinadi,,,,Dandeli,,,,India,,1987.0,,,101.0,,322.0,,89.71,89.71,123.0,,,4178.0,,4178.0,,46.6,57426,230.7,534,1027,,,,,,,,,,,,,,,,,,,2: Good,McGill-BL,74.525621,15.276404,SWBD,POINT (74.52562100000006 15.27640400000007)
4786,,Shulbinsk,,Irtysh,,,,Shul'binsk,,Kazakhstan,,Kazakhstan,,,,,36.0,,570.0,,179.26,179.26,255.0,,,2390.0,,2390.0,,13.3,1025919,7.4,223,173996,,,,,,,,,,,,,,,,,,,3: Fair,McGill-BL,81.070488,50.400315,SWBD,POINT (81.07048800000007 50.400315000000035)
4795,,Tehri,,Bhagirathi,,Ganges,,Tehri,,Uttar Pradesh,,India,,2006.0,,,261.0,,610.0,,18.89,18.89,42.0,,,3540.0,,3540.0,,187.4,161613,69.5,693,7302,,,Main,,Sec,,,,,,,,Irrigation,,,,,http://en.wikipedia.org/wiki/Tehri_dam,2: Good,McGill-BL,78.476042,30.37459,McGill,POINT (78.47604200000006 30.37459000000007)
4842,Rajghat,Rajghat,,Betwa,,Ganges,,Lalitpur,Jhansi,Uttar Pradesh,,India,,1992.0,2006.0,,44.0,,434.0,10790.0,46.72,46.72,224.0,,,2172.0,,2172.0,,46.5,247576,27.8,354,16817,,,Main,Sec,,,,,,,,,Irrigation,,,,,http://en.wikipedia.org/wiki/Rajghat_Dam,3: Fair,McGill-BL,78.231178,24.76032,SWBD,POINT (78.23117800000006 24.760320000000036)
4859,Bansagar Lake,Bansagar Dam,Ban Sagar,,,Ganges,,,,,,India,,2006.0,,,67.0,,1020.0,,384.24,384.24,587.5,,,5410.0,,5410.0,,14.1,283748,60.5,294,18725,,,Main,Sec,,,,,,,,,Irrigation,,,,,http://en.wikipedia.org/wiki/Bansagar_Dam,2: Good,McGill-BL,81.288434,24.190348,McGill,POINT (81.28843400000005 24.19034800000003)
4878,,Chandil,,Subernarekha,,,,Jamshed Pur,,,,India,,,,,56.0,,720.0,,33.55,33.55,174.1,,,1960.6,,1960.6,,58.4,137411,45.2,176,5767,,,,,,,,,,,,,,,,,,,3: Fair,McGill-BL,86.022739,22.977484,SWBD,POINT (86.02273900000006 22.97748400000006)
4881,,Bargi,R.A.B.S. Project,Narmada,,Narmada,,Jabalpur,,Madhya Pradesh,,India,,1988.0,,,70.0,69.0,5386.0,5357.0,153.38,153.38,273.0,,,3920.0,,3920.0,,25.6,294582,42.2,387,15023,,,Main,Sec,,,,,,,,,Irrigation,,,,,,3: Fair,McGill-BL,79.924831,22.941922,SWBD,POINT (79.92483100000004 22.941922000000034)
4883,Bango Reservoir,Bango,Minimata Bango; Hasdeo Bango,Hasdeo,,,,Korba,Bilaspur,,,India,,1990.0,,,87.0,88.0,2509.0,727.0,103.78,103.78,188.5,,,3416.0,,3416.0,,32.9,124290,87.2,352,6722,,,Major,Main,,,,,,,,,Hydroelectricity,,,,,,2: Good,McGill-BL,82.599307,22.605057,SWBD,POINT (82.59930700000007 22.605057000000045)
4943,,Upper Indrawati,Kapur; Muran; Podagada,Indrawati,,Krishna-Godavari,,Nawrangpur,,Orissa,,India,,,,,40.0,71.0,,,105.87,105.87,105.0,,,2300.0,,2300.0,,21.7,16481,442.5,623,1190,,,Main,,,,,,,,,,Irrigation,,Yes,,,,2: Good,McGill-BL,82.825722,19.274827,UY,POINT (82.82572200000004 19.274827000000073)
4946,,Sriram Sagar,,Godavari,,Krishna-Godavari,,Nizamabad,,Andhra Pradesh,,India,,1977.0,,,43.0,,15600.0,,335.78,335.78,450.8,,91.8,3172.0,,3172.0,,9.4,469506,21.4,311,90210,,,Main,Sec,,,,,,,,,Irrigation,,,,,,3: Fair,McGill-BL,78.342223,18.96713,McGill,POINT (78.34222300000005 18.967130000000054)
4961,,Balimela,,Sileru,,,,Chitrakonda,,,,India,,1977.0,,,70.0,,1823.0,,107.14,107.14,169.1,,,3610.0,,3610.0,,33.7,104531,109.5,459,4908,,,,,,,,,,,,,,,,,,,2: Good,McGill-BL,82.111538,18.15743,SWBD,POINT (82.11153800000005 18.157430000000033)
4989,,Almatti,,Krishna,,Krishna-Godavari,,Bijapur,,Karnataka,,India,,2000.0,,,49.0,,1565.0,,177.68,177.68,190.0,,,6430.0,,6430.0,,36.2,713846,28.6,498,33677,,,Main,Sec,,,,,,,,,Irrigation,,,,Updated year Dec 2018,,3: Fair,McGill-PB,75.887905,16.332546,McGill,POINT (75.88790500000005 16.332546000000036)
4997,,Somasila,,Pennar,,,,Nellore,,,,India,,,,,39.0,,2153.0,,61.36,61.36,212.3,,,2210.0,,2210.0,,36.0,109564,64.0,78,51084,,,,,,,,,,,,,,,,,,,3: Fair,McGill-BL,79.304642,14.488236,SWBD,POINT (79.30464200000006 14.488236000000029)
5040,,Idukki,Cheruthoni,Periyar,Cheruthoni,Periyar,,Idukki,,Kerala,,India,,1974.0,1976.0,,169.0,138.0,366.0,650.0,39.08,39.08,60.0,,,2000.0,,2000.0,1460.0,51.2,32745,193.7,723,1296,,,,Main,,,,,,,,,Hydroelectricity,,Yes,,"Multiple dams on reservoir, Idukki is the highest",,3: Fair,McGill-BL,76.968804,9.843677,SWBD,POINT (76.96880400000003 9.84367700000007)
5062,,Longyangxia,,Huang He,Yellow River,Huang He,,Gonghe,,,,China,,1986.0,,,172.0,178.0,1277.0,,284.65,284.65,38.3,,,27630.0,27630.0,24700.0,,97.1,558754,156.8,2571,132891,,,,,,,,,,,,,,,,,Silt problems?,,3: Fair,McGill-BL,100.916936,36.121296,SWBD,POINT (100.91693600000008 36.12129600000003)
5063,,Lijiaxia,,Huang He,Yellow River,Huang He,,Hualong,,,,China,,1997.0,,,165.0,155.0,382.0,,31.9,31.9,3.2,,,1650.0,,1650.0,,51.7,558671,9.4,2089,138183,,,,,,,,,,,,,,,,,Silt problems?,,3: Fair,McGill-BL,101.808886,36.117663,GLWD,POINT (101.80888600000009 36.11766300000005)
5093,,Ertan,,Yalong Jiang,,Yalong Jiang,,Yanbian,,,,China,,2000.0,,,240.0,,,,65.43,65.43,,,,6200.0,,6200.0,6170.0,94.8,1468495,13.4,1017,116727,,,,Main,,,,,,,,,Hydroelectricity,,,,,,2: Good,McGill-BL,101.783502,26.820253,SWBD,POINT (101.78350200000006 26.820253000000037)
5122,,Thaphanseik,,Mu,,Irrawaddy,,,,,,Myanmar (Burma),,2001.0,,,33.0,,6885.0,,332.88,332.88,,,,3550.0,,3550.0,,10.7,209161,53.8,145,9291,,,Main,Sec,,,,,,,,,Irrigation,,,,,http://www.mrtv3.net.mm/open/tpsp.html,2: Good,McGill-BL,95.35625,23.307937,McGill,POINT (95.35625000000005 23.307937000000038)
5157,Pasak Chonlasit,Pasak Chonlasit,Nam Chon,Quae Yai,,Mae Khlong,,,,,,Thailand,,1999.0,,,185.0,,4860.0,,115.46,115.46,,,,5950.0,,5950.0,4100.0,51.5,125325,150.5,39,12970,,,,,,,,,,,,,,,,,"Alternative spellings: 'Pasak Jolasit', 'Nam Chou', 'Nam Chaon'",,3: Fair,McGill-BL,101.086458,14.852408,SWBD,POINT (101.08645800000005 14.852408000000025)
5159,,Khao Laem,,Quae Noi,,Mae Khlong,,,,Kanchanaburi,,Thailand,,1985.0,,,92.0,,1019.0,,293.35,293.35,388.0,,280.0,8860.0,8900.0,8860.0,5848.0,30.2,217763,129.0,109,3695,,,Main,Sec,Sec,Sec,,,,,,,Irrigation,,,,,,3: Fair,McGill-BL,98.596417,14.799654,SWBD,POINT (98.59641700000009 14.799654000000032)
5201,,Yuqiao,,Jiyun He,,Hai He,,Jixian,,Tianjing,,China,,1960.0,,,23.0,,,,118.62,118.62,,,,1559.0,1600.0,1559.0,1523.0,13.1,6330,781.0,16,2116,,,,,,Main,,,,,,,Flood control,,,,,,3: Fair,McGill-BL,117.441094,40.033694,GLWD,POINT (117.44109400000002 40.033694000000025)
5267,,Xiaolangdi,,Huang He,Yellow River,Huang He,,Mengjin,,,,China,,2002.0,2001.0,,154.0,173.0,1667.0,,272.0,61.59,272.0,694.0,,12650.0,,12650.0,,46.5,1361938,29.5,249,696241,,,Sec,Sec,Sec,Main,,,,,,,Flood control,,,,Polygon too small? Silt problems?,,3: Fair,McGill-BL,112.362625,34.924763,SWBD,POINT (112.3626250000001 34.92476300000004)
5299,,Xuyahu,,Ru He,,Huai He,,Runan,,,,China,,1958.0,,,16.0,,,,77.81,77.81,,,,1656.0,1700.0,1656.0,1614.0,21.3,27978,187.7,55,2891,,,,,,Main,,,,,,,Flood control,,,,,,3: Fair,McGill-BL,114.279772,32.961687,SWBD,POINT (114.2797720000001 32.96168700000004)
5305,,Ankang,,Han Shui,,Han Shui,,Ankang,Shaanxi,,,China,,1993.0,,,120.0,,,,57.35,57.35,,,,2580.0,,2580.0,300.0,45.0,543418,15.1,324,35786,,,,Main,,,,,,,,,Hydroelectricity,,,,,,3: Fair,McGill-BL,108.885337,32.60147,GLWD,POINT (108.88533700000005 32.60147000000006)
5307,,Baozhusi,,Bailong Jiang,,Jialing Jiang,,Guangyuan,,,,China,,1996.0,1999.0,,132.0,,525.0,,66.24,66.24,6.1,,,2550.0,,2550.0,2500.0,38.5,288326,28.0,543,28805,,,,Main,,,,,,,,,Hydroelectricity,,,,,,3: Fair,McGill-BL,105.609609,32.519623,GLWD,POINT (105.60960900000003 32.519623000000024)
5410,Three Gorges Reservoir,Three Gorges Dam,Sanxia,Chang Jiang,Yangtze,Chang Jiang,,Yichang,,,,China,,2003.0,2009.0,,175.0,181.0,2309.0,,852.97,852.97,1084.0,,,39300.0,,39300.0,22150.0,46.1,13725380,9.1,80,976987,,,,Main,,Sec,,Sec,,,,,Hydroelectricity,,,,,,1: Verified,McGill-BL,111.004304,30.820691,GLWD,POINT (111.00430400000005 30.820691000000068)
5418,,Gezhouba,,Chang Jiang,Yangtze,Chang Jiang,,Yichang,,,,China,,1986.0,1988.0,,53.0,,2561.0,,52.42,52.42,6.4,,,1580.0,1600.0,1580.0,,30.1,13745896,0.4,47,978027,,,,Main,,,,,,,,,Hydroelectricity,,,,,,3: Fair,McGill-BL,111.265625,30.741018,GLWD,POINT (111.26562500000006 30.741018000000054)
5436,,Hualiangting,,Chang He,,Chang Jiang,,Taihu,Anqing,Anhui,,China,,1976.0,,,41.0,58.0,570.0,,47.75,47.75,98.3,,,2408.0,,2408.0,2398.0,50.4,44999,169.7,82,1863,,,Main,,,Sec,,,,,,,Irrigation,,,,,,3: Fair,McGill-BL,116.24678,30.468428,SWBD,POINT (116.24678000000006 30.468428000000074)
5477,,Fushui,,Fushui He,,Chang Jiang,,Yangxin,,,,China,,1966.0,,,45.0,46.0,941.0,,56.81,56.81,,,,1730.0,,1730.0,1665.0,30.5,64881,84.6,41,2434,,,,Sec,,Main,,,,,,,Flood control,,,,,,3: Fair,McGill-BL,114.879846,29.692597,SWBD,POINT (114.87984600000004 29.692597000000035)
5483,,Jiangya,,Lou Shui,,Li Shui,,Cili,,,,China,,1988.0,1999.0,,128.0,,336.0,,26.51,26.51,35.8,,,1741.0,1750.0,1741.0,1700.0,65.7,84743,65.1,170,3666,,,,Sec,,Main,,,,,,,Flood control,,,,,,3: Fair,McGill-BL,110.738993,29.540902,GLWD,POINT (110.73899300000005 29.540902000000074)
5528,,Fengtan,,Qu Shui,,Yuan Shui,,Yuanling,Yualing,Hunan,,China,,1979.0,1977.0,,113.0,,488.0,,15.61,15.61,,,,1544.0,,1544.0,1500.0,98.9,412993,11.9,200,17328,,,,Main,,,,,,,,,Hydroelectricity,,,,,,3: Fair,McGill-BL,110.272258,28.718499,SWBD,POINT (110.27225800000008 28.718499000000065)
5531,,Hunanzhen,,Wuxi Jiang,Trib. Fuchun Jiang,Qiantang Jiang,,Quzhou,Qiuxian,,,China,,1985.0,,,129.0,,440.0,,44.02,44.02,50.0,,,2060.0,,2060.0,,46.8,59533,109.7,230,2153,,,,Main,Sec,Sec,,,,,,,Hydroelectricity,,,,Alternative river name: Lanjiang,,3: Fair,McGill-BL,118.838542,28.68859,GLWD,POINT (118.83854200000007 28.688590000000033)
5641,,Wanan,,Gan Jiang,,Gan Jiang,,Wanan,,,,China,,1990.0,1992.0,,68.0,50.0,1100.0,,67.54,67.54,10.7,,,2370.0,2400.0,2370.0,1724.0,35.1,1041873,7.2,90,36920,,,,Main,,,,,,,,,Hydroelectricity,,,,,,3: Fair,McGill-BL,114.798016,26.443626,SWBD,POINT (114.79801600000008 26.44362600000005)
5660,,Dongjiang,,Lai Shui,,Xiang Jiang,,Zixing,,,,China,,1992.0,,,157.0,,,,130.58,130.58,,,,9200.0,,9200.0,9150.0,70.5,116678,250.0,285,4551,,,,Main,,Sec,,,,,,,Hydroelectricity,,,,,,3: Fair,McGill-BL,113.309892,25.871466,SWBD,POINT (113.3098920000001 25.871466000000055)
5692,,Tianshengqiao 1,,Nanpan Jiang,,Zhu Jiang,,Longlin,,,,China,,2000.0,,,178.0,,,,98.25,98.25,176.0,,,10260.0,,10260.0,10257.0,104.4,590406,55.1,700,44919,,,,Main,,,,,,,,,Hydroelectricity,,,,,,3: Fair,McGill-BL,105.104442,24.942342,SWBD,POINT (105.10444200000006 24.942342000000053)
5704,,Mianhuatan,,Trib. Ting Jiang,,Han Jiang,,Shanghang,,,,China,,2001.0,,,111.0,,,,92.57,92.57,,,,2210.0,,2210.0,,23.9,142863,49.1,109,7945,,,,,,,,,,,,,,,,,Updated year Dec 2018,,3: Fair,McGill-PB,116.597216,24.661098,GLWD,POINT (116.59721600000012 24.661098000000038)
5718,,Yantan,,Hongshui He,Duan,Zhu Jiang,,Duan,Bama,,,China,,1992.0,1995.0,,110.0,,525.0,,85.09,85.09,121.0,,,2610.0,,2610.0,2430.0,30.7,1792813,4.6,239,101893,,,,Main,,,,Sec,Sec,,,,Hydroelectricity,,,,,,2: Good,McGill-BL,107.511057,24.044351,McGill,POINT (107.51105700000005 24.044351000000063)
5729,,Feilaixia,,Bei Jiang,,Zhu Jiang,,Qingyuan,,,,China,,1999.0,,,52.0,,2889.0,,80.19,80.19,,,,1904.0,,1904.0,1900.0,23.7,1121672,5.4,13,34199,,,,,,,,,,,,,,,,,,,3: Fair,McGill-BL,113.25364,23.803542,GLWD,POINT (113.25364000000002 23.80354200000005)
5782,,Hoa Binh,Hoa Hinh,Da,,Song Hong Ha,Red River,Hoa Binh,,,,Vietnam,,1994.0,,,128.0,123.0,660.0,,91.04,91.04,208.0,,,9450.0,,9450.0,1846.0,103.8,1383333,21.7,123,50311,,,,,,,,,,,,,,,,,,,3: Fair,McGill-BL,105.31782,20.809831,SWBD,POINT (105.31782000000004 20.80983100000003)
5786,,Songtao,,Nandu Jiang,Nandu He,,,Danzhou,Zhanzhou,,,China,,1970.0,,,80.0,,730.0,,58.05,58.05,13.3,,,3345.0,,3345.0,3340.0,57.6,45648,232.4,177,1501,,,,,,,,,,,,,,,,,,,3: Fair,McGill-BL,109.677019,19.331159,SWBD,POINT (109.67701900000009 19.33115900000007)
5788,,Daguanba,,Changhua Jiang,,,,Dongfan,,,,China,,1995.0,,,57.0,,719.0,,35.16,35.16,,,,1710.0,,1710.0,,48.6,92605,58.6,123,3487,,,,,,,,,,,,,,,,,,,2: Good,McGill-BL,108.981501,19.018251,SWBD,POINT (108.98150100000004 19.018251000000078)
5803,,Tri An 1,Thac Mo 1,Dong Nai,Be,,,Dong Nai,Bien Hoa,,,Vietnam,,1987.0,1995.0,,40.0,46.0,420.0,460.0,277.48,277.48,323.4,,109.0,2765.0,,2765.0,1360.0,10.0,607399,14.4,53,14471,,,,,,,,,,,,,,,Yes,,Two dams on this reservoir,,3: Fair,McGill-BL,107.036189,11.106337,SWBD,POINT (107.03618900000004 11.106337000000053)
5882,,Yunfeng,Undong,Yalu Jiang,Amnokgang,Yalu Jiang,,Jian,Chasong,Chagangdo,,China,North Korea,1971.0,1966.0,,114.0,,828.0,,45.93,45.93,10.6,,,3911.0,,3911.0,3708.0,85.2,191807,64.7,283,24206,,,,Main,,,,,,,,,Hydroelectricity,,,,Alternative year 1970,,3: Fair,McGill-BL,126.513495,41.382039,SWBD,POINT (126.51349500000003 41.38203900000008)
5883,,Guanyinge,,Taizi He,,Liao He,,Benxi,,,,China,,1995.0,,,83.0,,773.0,,34.75,34.75,61.0,,,2170.0,,2170.0,2168.0,62.4,18996,362.2,216,2825,,,Sec,,,Main,,,,,,,Flood control,,,,,,3: Fair,McGill-BL,124.149749,41.316234,SWBD,POINT (124.14974900000004 41.316234000000065)
5884,,Huanren,,Hun Jiang,,Yalu Jiang,,Huanren,,,,China,,1972.0,,,79.0,,593.0,,89.51,89.51,98.5,,,3450.0,,3450.0,3400.0,38.5,88415,123.7,303,10226,,,,Main,,,,,,,,,Hydroelectricity,,,,,,3: Fair,McGill-BL,125.398738,41.290113,SWBD,POINT (125.3987380000001 41.290113000000076)
5901,,Songwon,,Chungman Gang,,,,Songwon,,,,North Korea,,,,,160.0,,630.0,,18.3,18.3,60.0,,,3200.0,,3200.0,,174.9,29643,342.3,284,1464,,,,,,,,,,,,,,,,,,,3: Fair,McGill-BL,125.822625,40.480158,SWBD,POINT (125.82262500000002 40.480158000000074)
5910,,Mapyong,,Daeryonggang,,,,Taechon,,,,North Korea,,,,,103.0,,560.0,,32.82,32.82,85.0,,,2900.0,,2900.0,,88.4,39372,233.6,88,1904,,,,,,,,,,,,,,,,,,,3: Fair,McGill-BL,125.522917,39.977083,SWBD,POINT (125.522917 39.97708300000005)
5949,,Chungju,Chung Ju,Namhan,Han,Han,,Chungju,,Choongbuk,,South Korea,,1986.0,,,98.0,,447.0,,51.62,51.62,6.6,86.0,,2750.0,2800.0,2750.0,1789.0,53.3,124344,70.1,138,6582,,,Sec,Sec,Main,Sec,Sec,Sec,,,,,Water supply,,,,,,3: Fair,McGill-BL,127.994029,37.005201,SWBD,POINT (127.99402900000007 37.005201000000056)
6699,Pedder,Serpentine,Scotts Peak,Serpentine,Huon,,,Hobart,Scotts Peak,Tasmania,,Australia,,1971.0,1973.0,,38.0,43.0,131.0,1067.0,230.06,230.06,241.0,,240.0,2963.0,,2963.0,,12.9,30507,308.0,343,722,258.0,,,Main,,,,,,,,,Hydroelectricity,Yes,Yes,,Lake Pedder is contained by 3 dams; the third is Edgar Dam (17 m high); Scotts Peak and Edgar are at other end of lake,http://en.wikipedia.org/wiki/Lake_Pedder,2: Good,McGill-BL,146.008172,-42.799236,SWBD,POINT (146.00817200000006 -42.79923599999995)
6745,Burragorang,Warragamba,,Warragamba,,,,Sydney,,New South Wales,,Australia,,1960.0,,,137.0,142.0,351.0,,68.6,68.6,75.0,,,1886.0,2100.0,1886.0,,27.5,52171,114.6,119,8754,9000.0,,,Sec,Main,,,,,,,,Water supply,,,,,,3: Fair,McGill-BL,150.592676,-33.884886,SWBD,POINT (150.5926760000001 -33.88488599999994)
6823,,Ooster Scheldekering,,Oosterschelde,,,,Zierikzee,,Zeeland,,Netherlands,,1986.0,,,50.0,,9000.0,,327.92,327.92,350.0,,,2780.0,2800.0,2780.0,,8.5,387,,0,48,,,,,,Main,,,,,,,Flood control,Yes,,,Dam for tide control; connects to North Sea; not an ordinary reservoir,,3: Fair,McGill-BL,3.901042,51.63044,McGill,POINT (3.901042000000075 51.63044000000008)
6827,,Beauharnois,,Canal de Beauharnois,,,,Beauharnois,,Quebec,,Canada,,1933.0,1961.0,,29.0,,1885.0,24000.0,,,,,,1500.0,,1500.0,,,2918,1630.0,42,169,,,,Main,,,,,,,,,Hydroelectricity,,,,Capacity may be lower than stated; more like a river barrage than a reservoir; Updated main use December 2018,,3: Fair,McGill-PB,-73.927083,45.29375,No polygon,POINT (-73.92708333299998 45.293750000000045)
6855,,Farakka,,Ganges,,Ganges,,,,,,India,,1974.0,1975.0,,16.0,,2246.0,,,,,,,35730.0,,35730.0,,,13310754,8.5,18,928788,,,,,,,,Main,,,,Sec,Navigation,,,,Barrage for flow diversion; no proper reservoir; capacity reflects annual diversion (1100 m3/sec),http://en.wikipedia.org/wiki/Farakka_Barrage,2: Good,McGill-BL,87.935417,24.785417,No polygon,POINT (87.93541666700008 24.78541666700005)
6867,Shamkir,Shamkir,Semkir,Kura,,Caspian Sea,,Shamkir,,Shamkir,,Azerbaijan,,1983.0,2014.0,,70.0,,,,111.36,111.36,116.0,,,2677.0,,2677.0,,24.0,259851,32.7,138,40561,,,Main,Major,Sec,Sec,,,,,,,Irrigation,,,,Upgraded in 2014? No definitive information as to the extra reservoir storage enabled by upgrade.,https://en.wikipedia.org/wiki/Shamkir_reservoir,2: Good,McGill-PB,46.167192,40.946492,JRC,POINT (46.16719160700006 40.946492213000056)
6887,,Khoda Afarin,,Araz,,Caspian Sea,,SoltanlÄ±,Khomarlu,Jabrayil District,East Azerbaijan Province,Azerbaijan,Iran,2009.0,,,64.0,,400.0,,31.29,31.29,,,,1612.0,,1612.0,,51.5,138581,36.9,257,75425,,,Sec,Main,,,,,,,,,Hydroelectricity,,,,Owned by East Azerbaijan Regional Water Authority in Iran,https://en.wikipedia.org/wiki/Khoda_Afarin_Dam,2: Good,McGill-PB,46.932816,39.160146,JRC,POINT (46.93281618000003 39.16014570300007)
6893,Barra Grande Reservoir,Barra Grande,Barra Grande Hydroelectric Power Plant,Petolas,Alto Uruguai River,Uruguay River,,Anita Garibaldi,,Santa Catarina,Rio Grande do Sul,Brazil,,2006.0,,,185.0,,65.0,,77.24,77.24,94.0,,,5000.0,,5000.0,2286.0,64.7,294720,53.8,499,11822,13000.0,,,Main,,,,,,,,,Hydroelectricity,,,,,http://www.cbdb.org.br/documentos/mbdiii/Barra%20grande.pdf,2: Good,McGill-PB,-51.189002,-27.778445,JRC,POINT (-51.18900240499994 -27.778444814999943)
6898,,Corumba IV,,Corumba,,Parana,,LuziÃ¢nia,SilvÃ¢nia,Goias,,Brazil,,2006.0,,,67.0,,1290.0,,164.41,164.41,173.0,,,3679.8,,3679.8,,22.4,98667,118.3,804,6997,7292.0,,,Main,,,,,,,,,Hydroelectricity,,,,,http://www.corumbaconcessoes.com.br/uhe-corumba-iv/informacoes-tecnicas/,2: Good,McGill-PB,-48.189825,-16.318521,JRC,POINT (-48.189824605999945 -16.318521247999968)
6899,,Estreito,MaranhÃ£o,Tocantins,,Tocantins,,Estreito,,Tocantins,MaranhÃ£o,Brazil,,2011.0,,,40.0,,848.0,,409.72,409.72,59.0,,,5400.0,5400.0,5400.0,,13.2,4173093,4.1,139,287237,,,,Main,,,,,,,,,Hydroelectricity,,,,,https://pt.wikipedia.org/wiki/Usina_Hidrel%C3%A9trica_Estreito_(Maranh%C3%A3o),2: Good,McGill-PB,-47.464573,-6.589608,JRC modified,POINT (-47.46457271699995 -6.589608350999981)
6900,,Foz do Chapeco,,Uruguay,,Uruguay River,,Ãguas de ChapecÃ³,Alpestre,Santa Cararina,Rio Grande do Sul,Brazil,,2010.0,,,47.0,,548.0,,68.98,68.98,80.0,,,1502.0,,1502.0,,21.8,1417809,3.4,228,53069,,,,Main,,,,,,,,,Hydroelectricity,,,,,http://www.cbdb.org.br/documentos/mbdiii/foz%20chapeco.pdf,2: Good,McGill-PB,-53.042759,-27.141518,JRC,POINT (-53.04275880599994 -27.141517721999946)
6901,,Irape,Presidente Juscelino Kubitschek Power Plant,Jequitinhonha,,Jequitinhonha,,Berilo,,Minas Gerais,,Brazil,,2005.0,,,209.0,,551.0,,103.37,103.37,137.0,,,5964.0,,5964.0,,57.7,180191,105.0,424,15898,16200.0,,,Main,,,,,,,,,Hydroelectricity,,,,,https://pt.wikipedia.org/wiki/Usina_Hidrel%C3%A9trica_de_Irap%C3%A9,2: Good,McGill-PB,-42.576193,-16.736518,JRC,POINT (-42.57619270499998 -16.736517697999943)
6902,,Ita,,Uruguay,,Uruguay,,Aratiba,ItÃ¡,Rio Grande do Sul,Santa Catarina,Brazil,,2000.0,,,125.0,,880.0,,123.86,123.86,141.0,,,5100.0,,5100.0,,41.2,1128771,14.3,330,44147,44500.0,,,Main,,,,,,,,,Hydroelectricity,,,,,https://en.wikipedia.org/wiki/It%C3%A1_Hydroelectric_Power_Plant,2: Good,McGill-PB,-52.381473,-27.278606,JRC,POINT (-52.38147290999996 -27.278605789999972)
6904,,Jirau,,Madeira,,Amazon,,Porto Velho,,Rondonia,,Brazil,,2015.0,,,62.0,,150.0,,229.62,229.62,362.0,,,2746.7,,2746.7,,12.0,18696758,0.5,73,962561,974244.0,,,Main,,,,,,,,,Hydroelectricity,,,,,https://en.wikipedia.org/wiki/Jirau_Dam,2: Good,McGill-PB,-64.648086,-9.267428,JRC modified,POINT (-64.64808572699997 -9.267427621999957)
6905,,Luis Eduardo Magalhaes,Lajeado,Tocantins,,Tocantins,,Palmas,Miracema do Tocantins,Toncantins,,Brazil,,2002.0,,,31.0,,1480.0,,681.56,681.56,630.0,,,5190.0,,5190.0,,7.6,2525593,6.5,187,184554,184219.0,,,Main,,,,,,,,,Hydroelectricity,,,,,http://www.cbdb.org.br/documentos/mbdiii/lajeado.pdf,2: Good,McGill-PB,-48.370491,-9.761948,JRC,POINT (-48.370490848999964 -9.761948324999935)
6908,,Peixe Angical,,Tocantins,,Tocantins,,SÃ£o Salvador do Tocantins,,Tocantins,,Brazil,,2006.0,,,39.0,,571.0,,242.95,242.95,295.0,,,2740.0,,2740.0,,11.3,1717603,5.1,238,127716,,,,Main,,,,,,,,,Hydroelectricity,,,,,http://www1.furnas.com.br/hotsites/sistemafurnas/usina_hidr_peixe.asp,2: Good,McGill-PB,-48.385247,-12.239503,JRC,POINT (-48.385246913999936 -12.23950285799998)
6915,,Serra do Facao,,SÃ£o Marcos,,Parana River,,CatalÃ£o,,Goias,,Brazil,,2010.0,,,90.0,,660.0,,156.04,156.04,219.0,,,5199.0,,5199.0,,33.3,125614,131.2,693,10592,10618.0,,,Main,,,,,,,,,Hydroelectricity,,,,,http://www.cbdb.org.br/documentos/mbdiii/SerraFacao.pdf,2: Good,McGill-PB,-47.674284,-18.04477,JRC,POINT (-47.67428406399995 -18.044770464999942)
6921,Lac-Walker,Denis-Perron,,Sainte-Marguerite,,Saguenay,,Lac-Walker,,Quebec,,Canada,,2001.0,,,171.0,,380.0,,246.06,246.06,,,,19607.5,,19607.5,,79.7,121569,511.4,370,4678,7330.0,,,Main,,,,,,,,,Hydroelectricity,,Yes,,,https://en.wikipedia.org/wiki/Denis-Perron_Dam,2: Good,McGill-PB,-66.789679,50.793429,JRC,POINT (-66.78967932299997 50.79342904500004)
6922,,Eastmain-1,,Eastmain,,James Bay,,Baie-James,,Quebec,,Canada,,2005.0,,,69.0,,890.0,,590.95,590.95,603.0,,,6940.0,,6940.0,,11.7,612021,36.0,230,26683,25800.0,,,Main,,,,,,,,,Hydroelectricity,,Yes,,"This is part of the vast Eastmain Complex, which includes a number of associated dams and reservoirs",https://fr.wikipedia.org/wiki/Am%C3%A9nagement_de_l%27Eastmain-1,2: Good,McGill-PB,-75.884595,52.191456,JRC modified,POINT (-75.88459540899999 52.19145607300004)
6926,,Toulnustouc,,RiviÃ¨re-aux-Outardes,,St Lawrence,,RiviÃ¨re-aux-Outardes,,Quebec,,Canada,,2005.0,,,,,,,226.08,226.08,234.0,,,2798.0,,2798.0,,12.4,146320,60.6,249,8180,7863.0,,,Main,,,,,,,,,Hydroelectricity,,,,Replaces GRanD v1.1 ID 2006,https://www.cehq.gouv.qc.ca/barrages/detail.asp?no_mef_lieu=X2007557,2: Good,McGill-PB,-68.021667,50.014038,JRC,POINT (-68.02166723699997 50.01403779100008)
6929,,El Quimbo,,Magdalena,,Magdalena,,Chilvanejo,,Huika,,Colombia,,2015.0,,,151.0,,632.0,,70.67,70.67,55.0,82.5,,1824.0,,1824.0,,25.8,212205,27.3,611,6665,,,,Main,,,,,,,,,Hydroelectricity,,,,,https://en.wikipedia.org/wiki/El_Quimbo_Dam,2: Good,McGill-PB,-75.563237,2.451059,McGill-MA,POINT (-75.56323745499998 2.451059333000046)
6932,Sogamoso,Sogamoso,,Sogamoso,,Magdalena,,Bucaramanga,,Santander,,Colombia,,2015.0,,,190.0,,345.0,,46.12,46.12,70.0,,,4800.0,,4800.0,,104.1,513385,29.6,281,21286,,,,Main,,,,,,,,,Hydroelectricity,,,,,https://en.wikipedia.org/wiki/Sogamoso_Dam,2: Good,McGill-PB,-73.40524,7.100953,JRC,POINT (-73.40523996599995 7.100953422000032)
6940,,Gilgel Gibe III,,Omo,,Omo,,Sodo,,Southern Nations,,Ethiopia,,2016.0,,,243.0,,610.0,,149.5,149.5,210.0,,,14690.0,11750.0,14690.0,2950.0,98.3,610977,76.2,844,34154,34150.0,,,Main,,,,,,,,,Hydroelectricity,,,,,https://en.wikipedia.org/wiki/Gilgel_Gibe_III_Dam,2: Good,McGill-PB,37.306139,6.851999,McGill-MA,POINT (37.30613858600003 6.85199859100004)
6942,,Tekeze,,Tekeze,,Nile,,Tigray,,Tigray,Amhara,Ethiopia,,2010.0,,,180.0,,710.0,,135.15,135.15,,,,9000.0,,9000.0,,66.6,146140,195.3,1060,30823,,,,Main,,,,,,,,,Hydroelectricity,,,,,https://en.wikipedia.org/wiki/Tekez%C3%A9_Dam,2: Good,McGill-PB,38.742968,13.346902,JRC,POINT (38.742968243000064 13.346901616000025)
6946,HÃ¡lslÃ³n Reservoir,Karahnjukar,FljÃ³tsdalur Power Station,JÃ¶kulsÃ¡ Ã¡ Dal,,JÃ¶kulsÃ¡ Ã¡ Dal,,EgilsstaÃ°ir,,EgilsstaÃ°ir,,Iceland,,2006.0,,,198.0,,696.0,,59.47,59.47,57.0,,,2100.0,,2100.0,1085.8,35.3,50384,132.2,574,1145,1806.0,,,Main,,,,,,,,,Hydroelectricity,,,,,https://en.wikipedia.org/wiki/K%C3%A1rahnj%C3%BAkar_Hydropower_Plant,2: Good,McGill-PB,-15.794401,64.946697,McGill-MA,POINT (-15.794400564999933 64.94669739800008)
6955,,Gotvand,Upper Gotvand,Karun,,Shatt al-Arab,,Gotvand,,Khuzestan,,Iran,,2013.0,,,182.0,,760.0,,58.21,58.21,75.0,,,4097.0,,4097.0,,70.4,417239,31.1,188,32267,32000.0,,,Main,,,,,,,,,Hydroelectricity,,,,,https://en.wikipedia.org/wiki/Upper_Gotvand_Dam,2: Good,McGill-PB,48.939371,32.265699,JRC,POINT (48.939371221000044 32.26569898500003)
6959,,Karun-4,,Karun,,Shatt al-Arab,,Shahr-e Kord,,Chaharmahal and Bakhtiari,,Iran,,2011.0,,,230.0,,440.0,,21.34,21.34,29.0,,,2190.0,,2190.0,,102.6,150770,46.1,870,12845,12800.0,,,Main,,Sec,,,,,,,Hydroelectricity,,,,,https://en.wikipedia.org/wiki/Karun-4_Dam,2: Good,McGill-PB,50.472653,31.601874,JRC modified,POINT (50.47265331300008 31.601874045000045)
6975,,Seimare,Hini Mini,Seimare,,Karkheh,,Eilam,,Ilam,,Iran,,2013.0,,,180.0,,202.0,,40.19,40.19,69.0,,,3200.0,,3200.0,,79.6,192878,52.6,609,28556,27886.0,,,Main,,,,,,,,,Hydroelectricity,,,,,https://en.wikipedia.org/wiki/Seimare_Dam,2: Good,McGill-PB,47.201883,33.293417,JRC modified,POINT (47.201882510000075 33.29341700300006)
6999,Nakai,Nam Theun 2,,Nam Theun,,Mekong,,Naky,,Khammouan,,Laos,,2010.0,,,39.0,,436.0,,414.34,414.34,450.0,,,3210.0,,3210.0,,7.7,131528,77.4,533,3945,4013.0,,,Main,,,,,,,,,Hydroelectricity,,,,,https://en.wikipedia.org/wiki/Nam_Theun_2_Dam,2: Good,McGill-PB,104.952263,17.99679,JRC modified,POINT (104.95226266100008 17.99679036300006)
7001,,Nam Ngum 2,,Nam Ngum,,Mekong,,Sana Somboun,,Vientiane,,Laos,,2011.0,,,185.0,,470.0,,93.77,93.77,100.0,,,4230.0,,4230.0,,45.1,182049,73.7,299,5698,5640.0,,,Main,,,,,,,,,Hydroelectricity,,,,,,2: Good,McGill-PB,102.77657,18.753615,JRC,POINT (102.77657039200005 18.753615466000042)
7003,,Xe Kaman 1,Sekaman 1,Xe Kaman,Sekaman,Mekong,,Attapeu,,Attapeu,,Laos,,2015.0,,,120.0,,235.0,,101.43,101.43,,,,3210.0,,3210.0,,31.6,156858,64.9,205,3658,,,,Main,,,,,,,,,Hydroelectricity,,,,,,3: Fair,McGill-PB,107.159768,14.960122,McGill-MA,POINT (107.15976806300006 14.960121836000042)
7005,,Bakun,,Balui,,Ranjang,,Belaga,,Sarawak,,Malaysia,,2011.0,,,205.0,,740.0,,448.98,448.98,695.0,,,43800.0,,43800.0,,97.6,899303,154.4,135,15077,14750.0,,,Main,,,,,,,,,Hydroelectricity,,,,,https://en.wikipedia.org/wiki/Bakun_Dam,2: Good,McGill-PB,114.060779,2.759877,JRC modified,POINT (114.0607788000001 2.759877055000061)
7008,,Murum,,Murum,,Rajang,,Bintulu,,Sarawak,,Malaysia,,2015.0,,,146.0,,1660.0,,179.38,179.38,,,,12043.0,,12043.0,6568.0,67.1,128212,297.9,472,2848,2750.0,,,Main,,,,,,,,,Hydroelectricity,,,,,http://www.sarawakenergy.com.my/index.php/hydroelectric-projects,2: Good,McGill-PB,114.368655,2.652026,JRC,POINT (114.36865538900008 2.652025922000064)
7010,,El Cajon,,Rio Grande de Santiago,,RÃ­o Grande de Santiago,,San Jose de Moharras,,Nayarit,,Mexico,,2006.0,,,186.0,,550.0,,32.23,32.23,54.0,,,5000.0,,5000.0,,155.1,212165,74.7,247,100776,,,,Main,,,,,,,,,Hydroelectricity,,,,,http://icold-cigb.net/ajax/registre/exports/export_pdf.asp?IDR=42303,2: Good,McGill-PB,-104.450067,21.427313,JRC,POINT (-104.45006655199995 21.427313040000058)
7013,,La Yesca,,Santiago,,Santiago,,Mecatillo,,Nayarit,Jalisco,Mexico,,2012.0,,,220.0,,627.0,,25.08,25.08,33.0,,,2500.0,,2500.0,,99.7,203224,39.0,427,98561,51590.0,,,Main,,,,,,,,,Hydroelectricity,,,,,https://en.wikipedia.org/wiki/La_Yesca_Dam,2: Good,McGill-PB,-104.105097,21.198446,JRC,POINT (-104.10509662299995 21.19844603400003)
7019,,Peace,Pyonghwa,Bukhan,,Han,,Hwachon,,Gangwon,,South Korea,,2005.0,,,125.0,,600.0,,4.92,4.92,,,,2630.0,2630.0,2630.0,,534.6,68528,121.7,176,3180,3227.0,,,,,Main,,,,,,,Flood control,,,,"Reservoir is emtpy to receive mass flows from Imnam Dam (North Korea) upstream, so polygon and Area columns are significantly smaller than what would appear when full, splits old GRanD v1.1 ID 5935 reservoir",https://en.wikipedia.org/wiki/Peace_Dam,2: Good,McGill-PB,127.844643,38.210294,JRC modified,POINT (127.84464343200011 38.21029360700004)
7024,,Imnam,,Bukhan,,Han,,,,,,North Korea,,2003.0,,,121.0,,710.0,,73.51,73.51,,,,2620.0,,2620.0,,35.6,52323,158.8,233,2350,,,,,,,,,,,,Main,Other,,,,,https://en.wikipedia.org/wiki/Imnam_Dam,2: Good,McGill-PB,127.794018,38.423431,JRC modified,POINT (127.79401756000004 38.423430892000056)
7028,,Baise,,You,,Yong,,Baise,,Guangxi,,China,,2006.0,,,130.0,,720.0,,90.41,90.41,,,,5660.0,,5660.0,,62.6,199530,90.0,156,19009,,,Main,Sec,Sec,Sec,,Sec,,,,,Irrigation,,,,,http://www.rccdams.co.uk/dams/baise/,2: Good,McGill-PB,106.456085,23.92844,JRC modified,POINT (106.45608451600003 23.928440355000077)
7045,,Boguchany,,Angara,,Yenisei,,Ust-Ilimsk,,Krasnoyarsk,,Russia,,2013.0,,,87.0,,2590.0,,1768.21,1768.21,2326.0,,,58200.0,,58200.0,,32.9,3624229,50.9,137,828182,,,,Main,Sec,,,,,,,,Hydroelectricity,,,,,https://en.wikipedia.org/wiki/Boguchany_Dam,2: Good,McGill-PB,99.152222,58.693824,JRC modified,POINT (99.15222173700005 58.69382415200005)
7046,,Bureya,,Bureya,,Amur,,Blagoveshchensk,,Khabarovsk,,Russia,,2009.0,,,139.0,,810.0,,585.69,585.69,740.0,,,20900.0,,20900.0,,35.7,811936,81.6,169,64616,68100.0,,,Main,,Sec,,,,,,,Hydroelectricity,,,,,https://en.wikipedia.org/wiki/Bureya_Dam,2: Good,McGill-PB,130.314859,50.269406,JRC modified,POINT (130.31485906000012 50.269406151000055)
7047,,Ust-Srerdnekanskaya,,Kolyma,,Kolyma,,Magadan,Ust-Srednekan,Magadan Oblast,Srednekansky,Russia,,2012.0,,,74.0,,2225.0,,265.0,58.51,265.0,,,5400.0,,5400.0,,20.4,723886,23.7,310,98833,120.0,,,Main,,,,,,,,,Hydroelectricity,,,,Reservoir may not be fully filled; better agreement between surface area and reservoir volume when using reported area of 265 km2,https://www.enercee.net/index.php?id=331&tx_ttnews%5Btt_news%5D=696&L=0&cHash=f6bca81005d63cb6992b694423248db3,3: Fair,McGill-PB,152.148089,62.4316,JRC,POINT (152.1480893900001 62.43159951400003)
7088,,Goupitan,,Wu,,Yangtze,,Yuqing,,Guizhou,,China,,2009.0,,,232.0,,558.0,,43.35,43.35,94.0,,,6451.0,,6451.0,,148.8,782348,26.1,458,42740,43250.0,,Sec,Main,Sec,Sec,,Sec,,,,,Hydroelectricity,,,,,https://en.wikipedia.org/wiki/Goupitan_Dam,2: Good,McGill-PB,107.632113,27.376177,JRC modified,POINT (107.63211273800005 27.376177213000062)
7089,,Guangzhao,,Beipan,,Pearl,,Qinglong,,Guizhou,,China,,2007.0,,,200.0,,412.0,,31.65,31.65,51.0,,,3250.0,,3254.0,,102.7,262421,39.3,633,13372,,,Sec,Main,,,,,,,,,Hydroelectricity,,,,,http://www.rccdams.co.uk/dams/guangzhao/,2: Good,McGill-PB,105.253466,25.966094,JRC,POINT (105.25346618600008 25.96609390800006)
7090,,Guanyinyan,,Jinsha,,Yangtze,,Panzhihua,,Yunnan,Sichuan,China,,2016.0,,,159.0,,1158.0,,16.15,16.15,,,,2263.0,,2263.0,,140.1,1751504,4.1,1069,254179,,,,Main,,,,,,,,,Hydroelectricity,,,,,http://www.rccdams.co.uk/dams/guanyinyan/,2: Good,McGill-PB,101.439446,26.518092,JRC,POINT (101.43944569300004 26.518091801000025)
7098,,Tocoma,Manuel Piar Hydroelectric Power Plant,Caroni,,Amazon,Orinoco,Guayana City,,Bolivar,,Venezuela,,2016.0,,,127.0,,7000.0,,58.29,58.29,87.0,,,1770.0,,1770.0,,30.4,4358457,1.3,91,87995,,,,Main,,,,,,,,,Hydroelectricity,,,,,https://en.wikipedia.org/wiki/Tocoma_Dam,2: Good,McGill-PB,-63.027457,7.90552,McGill-MA,POINT (-63.02745730399994 7.905519988000037)
7103,,Alpaslan I,,Murat,,Euphrates,,Bostakent,,Mus,Bulanik,Turkey,,2009.0,,,91.0,,571.0,,90.48,90.48,115.0,,,2993.0,,2993.0,,33.1,77927,121.8,1407,15375,15460.0,,,Main,,,,,,,,,Hydroelectricity,,,,,https://en.wikipedia.org/wiki/Alpaslan-1_Dam,2: Good,McGill-PB,41.819881,39.048211,JRC,POINT (41.81988136700005 39.048210797000024)
7110,,Boyabat,,Kizilirmak,,Kizilirmak,,Duragan,,Sinop,Samsun,Turkey,,2012.0,,,195.0,,262.0,,58.09,58.09,65.4,,,3557.0,3557.0,3557.0,1410.0,61.2,207919,54.2,460,64804,64724.0,,,Main,,,,,,,,,Hydroelectricity,,,,,https://en.wikipedia.org/wiki/Boyabat_Dam,2: Good,McGill-PB,35.004634,41.340601,JRC,POINT (35.00463449800003 41.34060063700008)
7112,,Deriner,,Coruh,,Coruh,,Artvin,,Artvin,,Turkey,,2013.0,,,249.0,,720.0,,19.08,19.08,26.0,,,1969.0,,1969.0,,103.2,153473,40.7,265,18533,18389.0,,,Main,,,,,,,,,Hydroelectricity,,,,,https://en.wikipedia.org/wiki/Deriner_Dam,2: Good,McGill-PB,41.871321,41.170307,JRC,POINT (41.87132078700006 41.17030659100004)
7114,,Ermenek,,Goksu,,Goksu,,Gormeli,,Karaman,,Turkey,,2012.0,,,218.0,,123.0,,49.95,49.95,58.0,,,4582.0,,4582.0,,91.7,33493,433.8,718,2176,,,,Main,,,,,,,,,Hydroelectricity,,,,,https://en.wikipedia.org/wiki/Ermenek_Dam,2: Good,McGill-PB,32.967138,36.567893,JRC,POINT (32.96713848400003 36.56789335700006)
7136,,Merowe,Hamdab,Nile,,Nile,,Merowe,,Khartoum,,Sudan,,2009.0,,,74.0,,9700.0,,730.61,730.61,476.0,,,1930.0,1930.0,1930.0,1200.0,2.6,3078474,2.0,251,2345567,,,Major,Main,,,,,,,,,Hydroelectricity,,,,,https://en.wikipedia.org/wiki/Merowe_Dam,2: Good,McGill-PB,32.060739,18.671843,JRC,POINT (32.06073912200003 18.671843285000023)
7137,,Rumela,Upper Atbara and Setit Dam Complex,Atbara,Setit,Nile,,Shagarab I Refugee Camp,,Gadarif,,Sudan,,2016.0,,,55.0,,1300.0,,287.75,287.75,,,,2700.0,,2700.0,,9.4,124427,68.8,490,28464,,,Main,Sec,,,,,,,,,Irrigation,,Yes,,Dams line up to impound two parallel rivers and create one reservoir,https://en.wikipedia.org/wiki/Upper_Atbara_and_Setit_Dam_Complex,2: Good,McGill-PB,35.917914,14.240517,McGill-MA,POINT (35.91791444800003 14.240517183000065)
7143,,Shwegyin,,Shwegyin,,Sittaung,,Shwegyin,,Bago,,Myanmar,,2011.0,,,56.0,,,,79.62,79.62,,,,2078.0,,2078.0,,26.1,39185,168.2,24,872,878.0,,,Main,,,,,,,,,Hydroelectricity,,,,,https://en.wikipedia.org/wiki/Shwegyin_Dam,2: Good,McGill-PB,96.935155,17.972725,JRC,POINT (96.93515453800006 17.972725229000048)
7144,,Yeywa,Ye Ywar,Mytinge,,Irrawady,,Mandalay,,Mandalay,,Myanmar,,2010.0,,,135.0,,680.0,,54.27,54.27,59.0,,,2600.0,,2600.0,,47.9,505136,16.3,95,28710,28200.0,,,Main,,,,,,,,,Hydroelectricity,,,,,https://en.wikipedia.org/wiki/Yeywa_Dam,2: Good,McGill-PB,96.474362,21.674504,JRC,POINT (96.47436249000003 21.67450407700005)
7154,,Ban Chat,,Nam Mu,,Da,,,,Lai Chau,,Vietnam,,2013.0,,,125.0,,420.0,,46.43,46.43,,,,1702.0,,1702.0,,36.7,73381,73.5,472,2067,,,,Main,,,,,,,,,Hydroelectricity,,,,,https://www.licogi166.vn/en/cong-trinh-thuy-dien-ban-chat-a59.html,2: Good,McGill-PB,103.826241,21.861552,JRC modified,POINT (103.82624124200004 21.861552432000053)
7155,,Ban Ve,,Ca,,Ca,,,,Nghe An,,Vietnam,,2010.0,,,135.0,,480.0,,29.82,29.82,,,,1834.0,,1834.0,,61.5,128489,45.3,262,8591,8700.0,,,Main,,,,,,,,,Hydroelectricity,,,,,https://vi.wikipedia.org/wiki/Th%E1%BB%A7y_%C4%91i%E1%BB%87n_B%E1%BA%A3n_V%E1%BA%BD,2: Good,McGill-PB,104.483696,19.346401,JRC modified,POINT (104.48369570400007 19.346400807000066)
7171,,Hongjiadu,,Wu,,Yangtze,,Zhijin,,Guizhou,,China,,2005.0,,,180.0,,428.0,,41.57,41.57,,,,4947.0,,4947.0,,119.0,146556,107.0,1190,9538,,,,Main,Sec,Sec,Sec,Sec,Sec,,,,Hydroelectricity,,,,,https://en.wikipedia.org/wiki/Hongjiadu_Dam,2: Good,McGill-PB,105.854428,26.875221,JRC modified,POINT (105.85442828300006 26.875220685000045)
7177,,Jiemian,,Youxi,,,,Youxi,,Fujian,,China,,2007.0,,,126.0,,478.0,,27.24,27.24,,,,1824.0,,1824.0,,67.0,47821,120.9,257,1603,,,,Main,,Sec,,,,,,,Hydroelectricity,,,,,https://en.wikipedia.org/wiki/Jiemian_Dam,2: Good,McGill-PB,118.043472,25.93653,JRC,POINT (118.04347219400006 25.936529935000067)
7179,,Jilintai I,,Kashi,Kax,Ili,,Nileke,,Xinjiang,,China,,2006.0,,,157.0,,445.0,,45.22,45.22,,,,2530.0,,2530.0,1700.0,55.9,1359,5903.3,1335,5858,,,,Main,Sec,Sec,,,,,,,Hydroelectricity,,,,,https://en.wikipedia.org/wiki/Jilintai_I_Dam,2: Good,McGill-PB,82.848439,43.85981,JRC,POINT (82.84843889700005 43.85980952800003)
7182,,Jinping I,,Yalong,,Yangtze,,Yanyuan,,Sichuan,,China,,2013.0,,,305.0,,569.0,,48.64,48.64,82.5,,,7760.0,7760.0,7760.0,4910.0,159.5,1228726,20.0,1842,102362,102560.0,,,Main,,Sec,,,,,,,Hydroelectricity,,,,,https://en.wikipedia.org/wiki/Jinping-I_Dam,2: Good,McGill-PB,101.63015,28.183774,JRC modified,POINT (101.63014986000007 28.183773732000077)
7196,,Longtan,,Hongshui,,Pearl,,Tiane,,Guangxi,,China,,2009.0,,,216.0,,832.0,,288.01,288.01,,,,29920.0,29920.0,27270.0,20530.0,103.9,1577682,60.1,284,96461,98500.0,,,Main,,Sec,,Sec,,,,,Hydroelectricity,,,,,https://en.wikipedia.org/wiki/Longtan_Dam,2: Good,McGill-PB,107.040517,25.030084,JRC,POINT (107.04051709100008 25.030084222000028)
7204,,Son La,,Da,Black,Red,,,,Son La,,Vietnam,,2012.0,,,138.0,,962.0,,202.83,202.83,224.0,,,9260.0,9260.0,9260.0,3100.0,45.7,1152748,25.5,120,42216,43760.0,,,Main,,,,,,,,,Hydroelectricity,,,,Largest hydropower project in SE Asia as of 2018,https://en.wikipedia.org/wiki/S%C6%A1n_La_Dam,2: Good,McGill-PB,103.99589,21.497326,JRC,POINT (103.99589000700007 21.49732560600006)
7209,,Tuyen Quang,Na Hang,Gam,,Lo,,Na Hang,,Tuyen Quang,,Vietnam,,2008.0,,,92.0,,718.0,,65.21,65.21,81.5,,,2245.0,,2245.0,,34.4,330082,21.6,76,12920,,,,Main,,,,,,,,,Hydroelectricity,,,,,https://en.wikipedia.org/wiki/Na_Hang_Dam,2: Good,McGill-PB,105.39934,22.361883,JRC,POINT (105.39933971400006 22.361883417000058)
7213,,Tokwe Mukorsi,,Tokwe,,Save,,Triangle,,Masvingo,,Zimbabwe,,2015.0,,,89.0,,351.0,,73.23,73.23,96.0,,,1802.6,1802.6,1802.6,1750.0,24.6,25281,226.1,637,7135,7120.0,,Main,Sec,Sec,,,,,,,,Irrigation,,,,,https://en.wikipedia.org/wiki/Tokwe_Mukorsi_Dam,2: Good,McGill-PB,30.897881,-20.723063,McGill-MA,POINT (30.897881162000033 -20.723062630999948)
7230,,Nierji,,"Nenjiangganliu",Nen,Amur,,Molidawa,,Inner Mongolia,,China,,2006.0,,,41.0,,1659.0,,479.38,479.38,,,,8610.0,,8610.0,,18.0,244791,111.5,182,66004,66400.0,,Sec,Main,Sec,Sec,,Sec,,,,,Hydroelectricity,,,,,https://en.wikipedia.org/wiki/Nierji_Dam,2: Good,McGill-PB,124.530821,48.495824,JRC,POINT (124.53082092000011 48.49582428400004)
7232,,Nuozhadu,,Lancang,Mekong,Mekong,,Pu'er,,Yunnan,,China,,2014.0,,,262.0,,628.0,,246.16,246.16,320.0,,,23703.0,,23703.0,,96.3,1694940,44.3,718,137909,140000.0,,,Main,,Sec,,Sec,,,,,Hydroelectricity,,,,,https://en.wikipedia.org/wiki/Nuozhadu_Dam,2: Good,McGill-PB,100.429623,22.640879,JRC modified,POINT (100.42962344500006 22.64087936100003)
7233,,Pankou,,Duhe,Du,Yangtze,,Zhushan,,Hubei,,China,,2011.0,,,114.0,,292.0,,40.6,40.6,,,,2338.0,,2338.0,,57.6,101841,72.8,307,8932,8950.0,,,Main,,Sec,,,,,,,Hydroelectricity,,,,,https://en.wikipedia.org/wiki/Pankou_Dam,2: Good,McGill-PB,110.151907,32.210475,McGill-MA,POINT (110.15190688800004 32.21047527600007)
7237,,Pubugou,,Dadu,Niri,Yangtze,,Hanyuan,,Sichuan,,China,,2009.0,,,186.0,,574.0,,67.51,67.51,,,,5390.0,,5390.0,,79.8,875251,19.5,817,68161,,,,Main,,Sec,,,,,,,Hydroelectricity,,,,,https://en.wikipedia.org/wiki/Pubugou_Dam,2: Good,McGill-PB,102.837991,29.211191,JRC modified,POINT (102.83799053700005 29.21119070900005)
7240,,Sanbanxi,,Qingshui,Yuan,Yangtze,,Jinping,,Guizhou,,China,,2006.0,,,186.0,,424.0,,42.68,42.68,,,,4094.0,,4094.0,,95.9,182336,71.2,335,11111,,,,Main,,Sec,,Sec,Sec,,,,Hydroelectricity,,,,,https://en.wikipedia.org/wiki/Sanbanxi_Dam,2: Good,McGill-PB,109.048369,26.606404,JRC,POINT (109.04836869200005 26.606404071000043)
7241,,Shanxi,,Feiyun,,Yangtze,,Wencheng,,Zhejiang,,China,,2001.0,,,131.0,,448.0,,29.05,29.05,,,,1824.0,,1824.0,,62.8,36702,157.6,67,1540,,,Main,Sec,Sec,Sec,,,,,,,Irrigation,,,,,http://www.cjw.cn/syzn/xxs/RIVER/ASIA/153495.html,2: Good,McGill-PB,120.044455,27.676061,JRC modified,POINT (120.04445472200007 27.676061378000043)
7245,,Shuibuya,,Qingjiang,,Yangtze,,Badong,,Hubei,,China,,2009.0,,,233.0,,675.0,,53.62,53.62,,,,4580.0,,4580.0,,85.4,266241,54.5,213,10666,10860.0,,,Main,,Sec,,Sec,Sec,,,,Hydroelectricity,,,,,https://en.wikipedia.org/wiki/Shuibuya_Dam,2: Good,McGill-PB,110.336362,30.436319,McGill-MA,POINT (110.33636150200005 30.436318869000047)
7246,,Silin,,Wujiang,,Yangtze,,Sinan,,Guizhou,,China,,2009.0,,,117.0,,310.0,,24.0,24.0,,,,1593.0,,1593.0,,66.4,884254,5.7,391,48061,,,,Main,,,,,,,,,Hydroelectricity,,,,,http://www.rccdams.co.uk/dams/silin/,2: Good,McGill-PB,108.187287,27.8018,JRC modified,POINT (108.18728735000008 27.801800068000034)
7250,,Tankeng,,Xiaoxi,Ou,Ou,,Qingtian,,Zhejiang,,China,,2008.0,,,162.0,,507.0,,52.81,52.81,70.9,,,4155.0,,4155.0,,78.7,82564,159.6,50,3331,,,Sec,Main,Sec,Sec,,,,,,,Hydroelectricity,,,,,https://en.wikipedia.org/wiki/Tankeng_Dam,2: Good,McGill-PB,120.034658,28.118127,JRC modified,POINT (120.03465815100003 28.118127384000047)
7252,,Tingzikou,,Jialing,,Yangtze,,Cangxi,,Sichuan,,China,,2014.0,,,116.0,,996.0,,69.61,69.61,,,,4116.0,,4116.0,,59.1,720482,18.1,374,62680,,,Sec,Sec,Sec,Main,,Sec,,,,,Hydroelectricity,,,,,https://en.wikipedia.org/wiki/Tingzikou_Dam,2: Good,McGill-PB,105.872831,31.802772,JRC,POINT (105.87283104000005 31.80277170900007)
7259,,Ludila,,Jinsha,,Yangtze,,Lijiang,,Yunnan,,China,,2015.0,,,140.0,,622.0,,53.67,53.67,,,,1718.0,,1718.0,,32.0,1606558,3.4,1178,245323,,,,Main,,,,,,,,,Hydroelectricity,,,,,https://en.wikipedia.org/wiki/Ludila_Dam,2: Good,McGill-PB,100.815373,26.201358,JRC,POINT (100.81537286500009 26.201358379000055)
7281,,Xiangjiaba,,Jinsha,,Yangtze,,Yibin,,Sichuan,,China,,2014.0,,,162.0,,910.0,,81.81,81.81,95.6,,,5185.0,,5185.0,,63.4,4851153,3.4,277,456308,458800.0,,,Main,,,,,,,,,Hydroelectricity,,,,,https://en.wikipedia.org/wiki/Xiangjiaba_Dam,2: Good,McGill-PB,104.388381,28.645019,JRC modified,POINT (104.38838146000006 28.64501903300004)
7282,,Xilodu,,Jinsha,,Yangtze,,Liangshan,,Sichuan,,China,,2014.0,,,286.0,,699.0,,113.46,113.46,,,,12914.0,12914.0,12914.0,6460.0,113.8,4600976,8.9,383,451860,454400.0,,,Main,,Sec,,Sec,,,,,Hydroelectricity,,,,,https://en.wikipedia.org/wiki/Xiluodu_Dam,2: Good,McGill-PB,103.64792,28.260366,JRC,POINT (103.64791972900008 28.260366176000048)
7284,,Xiaowan,,Lacang,,Mekong,,Fengqing,,Yunnan,,China,,2012.0,,,294.0,,893.0,,154.34,154.34,190.0,,,15043.0,15043.0,15043.0,9895.0,97.5,1116582,42.7,1152,106952,113300.0,,Sec,Main,,Sec,,Sec,,,,,Hydroelectricity,,,,,https://en.wikipedia.org/wiki/Xiaowan_Dam,2: Good,McGill-PB,100.093825,24.706595,JRC,POINT (100.09382494800008 24.706594960000075)
7303,,Lower Sesan II,,Sesan,,Mekong,,Krong Stung Treng,,Stung Treng,,Cambodia,,2017.0,,,75.0,,7729.0,,332.96,332.96,75.0,,,1790.0,,1790.0,,5.4,1849250,3.1,70,49801,,,,Main,,,,,,,,,Hydroelectricity,,,,,https://en.wikipedia.org/wiki/Lower_Se_San_2_Dam,2: Good,McGill-PB,106.256674,13.552205,McGill-MA,POINT (106.25667416900006 13.55220468400006)
7304,,Qiapuqihai,Qiqiqihai,Tekesihe,Tekes,Lake Balkhash,,Gongliu,,Xinjiang,,China,,2005.0,,,105.0,,365.0,,65.38,65.38,,,,1770.0,,1770.0,,27.1,44444,126.3,939,25194,,,Main,Sec,,,,,,,,,Irrigation,,,,,https://baike.baidu.com/item/%E6%81%B0%E7%94%AB%E5%85%B6%E6%B5%B7%E6%B0%B4%E7%94%B5%E7%AB%99/9036152,2: Good,McGill-PB,82.484585,43.30299,JRC,POINT (82.48458477100007 43.30298985400003)
7310,Carlyle Lake,Carlyle Lake Dam,Carlyle Lake,Kaskaskia River,,Mississippi,,Keyesport,,Illinois,,United States,,1966.0,,,20.0,,2014.0,,90.94,90.94,99.5,,,1571.1,,1571.1,,17.3,58479,85.2,132,7000,2.0,,,,Sec,Main,Sec,Sec,,,,,Flood control,,Yes,,May be an issue with dam point location; some discrepancy between attribute information for main dam and associated levee; dam annotated here fits best with HydroSHEDS outlet point,https://www.mvs.usace.army.mil/Missions/Recreation/Carlyle-Lake/Carlyle-Lake-Master-Plan-Update/,3: Fair,McGill-PB,-89.351351,38.619946,SWBD,POINT (-89.35135058199995 38.61994601200007)
